SALE TYPE,SOLD DATE,PROPERTY TYPE,ADDRESS,CITY,STATE OR PROVINCE,ZIP OR POSTAL CODE,PRICE,BEDS,BATHS,LOCATION,SQUARE FEET,LOT SIZE,YEAR BUILT,DAYS ON MARKET,$/SQUARE FEET,HOA/MONTH,STATUS,NEXT OPEN HOUSE START TIME,NEXT OPEN HOUSE END TIME,URL (SEE https://www.redfin.com/buy-a-home/comparative-market-analysis FOR INFO ON PRICING),SOURCE,MLS#,FAVORITE,INTERESTED,LATITUDE,LONGITUDE
MLS Listing,,Single Family Residential,1603 Morehead Ave,Fayetteville,NC,28303,217000,3,2.0,ENGLEWOOD,1474,,1972,1,147,,Active,,,https://www.redfin.com/NC/Fayetteville/1603-Morehead-Ave-28303/home/125484518,LPRMLS,704023,N,Y,35.0882229,-78.9319401
MLS Listing,,Single Family Residential,4037 Welmont Dr,Fayetteville,NC,28304,129900,4,1.0,WELMAR HGTS,1475,16117,1960,1,88,,Active,,,https://www.redfin.com/NC/Fayetteville/4037-Welmont-Dr-28304/home/126619572,LPRMLS,704021,N,Y,35.021226,-78.9448889
MLS Listing,,Mobile/Manufactured Home,2773 Mosquera Dr,Fayetteville,NC,28306,380000,5,3.5,PALMS AT SUMMER GROVE,2450,11761,2016,1,155,13,Active,,,https://www.redfin.com/NC/Fayetteville/2773-Mosquera-Dr-28306/home/126978817,LPRMLS,701371,N,Y,35.0039069,-79.0017899
MLS Listing,,Single Family Residential,2439 Dartmouth Dr,Fayetteville,NC,28304,299900,4,2.0,BRIARWOOD HILLS,2183,16553,1971,1,137,,Active,,,https://www.redfin.com/NC/Fayetteville/2439-Dartmouth-Dr-28304/home/125910306,LPRMLS,704009,N,Y,35.0318241,-78.913641
MLS Listing,,Single Family Residential,5165 Surf Scooter Dr,Fayetteville,NC,28311,139900,2,2.0,NORTH RIDGE VIL,1079,6534,1989,1,130,,Active,,,https://www.redfin.com/NC/Fayetteville/5165-Surf-Scooter-Dr-28311/home/126222973,LPRMLS,703588,N,Y,35.1294967,-78.8778582
MLS Listing,,Single Family Residential,6442 Green Meadow Rd,Fayetteville,NC,28304,176000,3,1.5,LAKE POINT,1100,,1984,1,160,,Active,,,https://www.redfin.com/NC/Fayetteville/6442-Green-Meadow-Rd-28304/home/126822107,LPRMLS,702282,N,Y,35.017029,-79.0123447
MLS Listing,,Single Family Residential,4516 Port Ellen Dr,Fayetteville,NC,28312,395000,4,3.0,BAYWOOD,3181,23958,2000,1,124,,Active,,,https://www.redfin.com/NC/Fayetteville/4516-Port-Ellen-Dr-28312/home/125705959,LPRMLS,704015,N,Y,35.0523738,-78.7501226
MLS Listing,,Single Family Residential,1439 Habersham Dr,Fayetteville,NC,28304,210000,3,2.0,GLENDALE AC,1420,15246,1963,1,148,,Active,,,https://www.redfin.com/NC/Fayetteville/1439-Habersham-Dr-28304/home/126659572,LPRMLS,703606,N,Y,35.0372166,-78.9276892
MLS Listing,,Single Family Residential,5723 Waldwick Rd,Fayetteville,NC,28311,255000,4,2.5,KINWOOD,2026,,1985,1,126,,Active,,,https://www.redfin.com/NC/Fayetteville/5723-Waldwick-Rd-28311/home/125629992,LPRMLS,703940,N,Y,35.1376538,-78.8650033
MLS Listing,,Single Family Residential,941 Winterberry Dr,Fayetteville,NC,28314,195900,3,2.0,LAKE RIM NORTH,1072,,1985,1,183,,Active,,,https://www.redfin.com/NC/Fayetteville/941-Winterberry-Dr-28314/home/125741011,LPRMLS,704012,N,Y,35.0416575,-79.0451941
MLS Listing,,Single Family Residential,452 Georgetown Cir,Fayetteville,NC,28314,265000,3,2.5,LAKE SHORE,2168,,1987,1,122,,Active,,,https://www.redfin.com/NC/Fayetteville/452-Georgetown-Cir-28314/home/126701687,LPRMLS,703932,N,Y,35.0675661,-78.9880882
MLS Listing,,Single Family Residential,737 Galloway Dr,Fayetteville,NC,28303,279900,3,2.0,COTTONADE,2320,,1966,1,121,,Active,,,https://www.redfin.com/NC/Fayetteville/737-Galloway-Dr-28303/home/125911265,LPRMLS,704011,N,Y,35.1051698,-78.9777613
MLS Listing,,Single Family Residential,7713 Charring Cross Ln,Fayetteville,NC,28314,278000,4,2.5,KINGS MILL,2125,,1988,2,131,,Active,,,https://www.redfin.com/NC/Fayetteville/7713-Charring-Cross-Ln-28314/home/125681219,LPRMLS,704005,N,Y,35.0449259,-79.0657193
MLS Listing,,Single Family Residential,1111 Branson St,Fayetteville,NC,28305,205000,3,2.0,PINEVIEW HGTS,1060,,1950,2,193,,Active,,,https://www.redfin.com/NC/Fayetteville/1111-Branson-St-28305/home/125533682,LPRMLS,703999,N,Y,35.052537,-78.8992401
MLS Listing,,Single Family Residential,3153 Hunting Lodge Rd,Fayetteville,NC,28306,350000,3,2.5,PEARTREE WEST,2049,10454,2019,2,171,20,Active,,,https://www.redfin.com/NC/Fayetteville/3153-Hunting-Lodge-Rd-28306/home/174986897,LPRMLS,703998,N,Y,34.9677522,-79.0317952
MLS Listing,,Single Family Residential,3441 Amour Dr,Fayetteville,NC,28306,600000,5,4.0,WESTHAVEN,3325,,2018,2,180,36,Active,,,https://www.redfin.com/NC/Fayetteville/3441-Amour-Dr-28306/home/148580165,LPRMLS,703868,N,Y,34.9902935,-79.043009
MLS Listing,,Single Family Residential,1546 Hazelcrest Dr,Fayetteville,NC,28304,409900,5,3.5,ASBURY,3186,,2005,2,129,,Active,,,https://www.redfin.com/NC/Fayetteville/1546-Hazelcrest-Dr-28304/home/126474904,LPRMLS,703993,N,Y,35.026996,-79.0044177
MLS Listing,,Single Family Residential,6483 Summerchase Dr,Fayetteville,NC,28311,479000,5,3.0,GREYSTONE FARMS,3887,,1945,2,123,28,Active,,,https://www.redfin.com/NC/Fayetteville/6483-Summerchase-Dr-28311/home/125714224,LPRMLS,703988,N,Y,35.1578281,-78.8679665
MLS Listing,,Single Family Residential,672 Dowfield Dr Dr,Fayetteville,NC,28311,198000,3,2.0,DREXEL,1231,11326,1978,2,161,,Active,,,https://www.redfin.com/NC/Fayetteville/672-Dowfield-Dr-28311/home/125491594,LPRMLS,703729,N,Y,35.1157109,-78.9035617
MLS Listing,,Vacant Land,1617 Coley Dr,Fayetteville,NC,28301,15000,,,Not in a Subdivision,,6098,,2,,,Active,,,https://www.redfin.com/NC/Fayetteville/1617-Coley-Dr-28301/home/126758159,TMLS,2509170,N,Y,35.0774244,-78.9006532
MLS Listing,,Single Family Residential,715 Murray Hill Rd,Fayetteville,NC,28303,415000,4,2.5,MCPHERSON,2340,17424,1979,2,177,,Active,,,https://www.redfin.com/NC/Fayetteville/715-Murray-Hill-Rd-28303/home/126725002,LPRMLS,703971,N,Y,35.05217,-78.9398952
MLS Listing,,Single Family Residential,6898 Beaverstone Dr,Fayetteville,NC,28314,255000,3,2.0,CLIFFDALE WEST,1632,,1982,2,156,,Active,,,https://www.redfin.com/NC/Fayetteville/6898-Beaverstone-Dr-28314/home/126094802,LPRMLS,700201,N,Y,35.0653256,-79.070883
MLS Listing,,Single Family Residential,2517 Canford Ln,Fayetteville,NC,28304,305000,4,3.0,FARRINGTON,2550,14810,2005,2,120,,Active,,,https://www.redfin.com/NC/Fayetteville/2517-Canford-Ln-28304/home/126647609,LPRMLS,703963,N,Y,35.0304619,-79.0763554
MLS Listing,,Single Family Residential,3472 Mcchoen Dr,Fayetteville,NC,28311,245000,3,2.5,Lakeridge,1730,9583,1988,2,142,,Active,,,https://www.redfin.com/NC/Fayetteville/3472-McChoen-Dr-28311/home/125249594,TMLS,2509152,N,Y,35.1060283,-78.9044459
MLS Listing,,Single Family Residential,1532 Pierce St,Fayetteville,NC,28305,114900,2,1.0,SAVOY HGTS,760,6098,1949,2,151,,Active,,,https://www.redfin.com/NC/Fayetteville/1532-Pierce-St-28305/home/125824132,LPRMLS,703961,N,Y,35.0441765,-78.9030201
MLS Listing,,Single Family Residential,127 Buckingham Ave,Fayetteville,NC,28301,159500,4,1.0,HILLSIDE COURT,1554,15682,1949,2,103,,Active,,,https://www.redfin.com/NC/Fayetteville/127-Buckingham-Ave-28301/home/125936584,LPRMLS,703889,N,Y,35.0772629,-78.8784916
MLS Listing,,Single Family Residential,6495 Portsmouth Dr,Fayetteville,NC,28314,149500,3,2.0,GLENBROOK,1236,,1971,2,121,,Active,,,https://www.redfin.com/NC/Fayetteville/6495-Portsmouth-Dr-28314/home/125243988,LPRMLS,702390,N,Y,35.0507432,-78.9970068
MLS Listing,,Single Family Residential,3527 Clearwater Dr,Fayetteville,NC,28311,297500,4,2.0,Hillendale West,2700,24393,1963,2,110,,Active,,,https://www.redfin.com/NC/Fayetteville/3527-Clearwater-Dr-28311/home/125251102,TMLS,2509125,N,Y,35.1077529,-78.8973721
MLS Listing,,Single Family Residential,1510 Cain Rd,Fayetteville,NC,28303,314900,3,2.0,EUTAW,1684,,1955,2,187,,Active,,,https://www.redfin.com/NC/Fayetteville/1510-Cain-Rd-28303/home/179663103,LPRMLS,703833,N,Y,35.0846126,-78.9256252
MLS Listing,,Single Family Residential,726 Athens Ave,Fayetteville,NC,28301,375000,3,2.5,HAYMOUNT,2524,13939,1935,2,149,,Active,,,https://www.redfin.com/NC/Fayetteville/726-Athens-Ave-28301/home/125507604,LPRMLS,703934,N,Y,35.0574195,-78.8912706
MLS Listing,,Single Family Residential,5587 Aster Ct,Fayetteville,NC,28311,235000,4,2.0,JULIE HTS,1682,17424,1968,2,140,,Active,,,https://www.redfin.com/NC/Fayetteville/5587-Aster-Ct-28311/home/125918981,LPRMLS,703912,N,Y,35.1071913,-78.9359619
MLS Listing,,Single Family Residential,6770 Weeping Water Run,Fayetteville,NC,28314,260000,3,2.0,Cliffdale West,2086,16552,1985,2,125,,Active,,,https://www.redfin.com/NC/Fayetteville/6770-Weeping-Water-Run-28314/home/126500114,TMLS,2507097,N,Y,35.0667487,-79.0678378
MLS Listing,,Single Family Residential,1223 Faison Ave,Fayetteville,NC,28304,175000,3,1.0,WELMAR HGTS,1109,,1958,2,158,,Active,,,https://www.redfin.com/NC/Fayetteville/1223-Faison-Ave-28304/home/126050723,LPRMLS,703939,N,Y,35.0297015,-78.9446238
MLS Listing,,Single Family Residential,1522 Stonewood Dr,Fayetteville,NC,28306,287500,5,3.0,STONE WOOD,2368,,2006,3,121,6,Active,,,https://www.redfin.com/NC/Fayetteville/1522-Stonewood-Dr-28306/home/125880452,LPRMLS,703697,N,Y,35.0316232,-78.9009958
MLS Listing,,Single Family Residential,311 Jasper St,Fayetteville,NC,28301,113000,3,1.0,MURCHISON,1400,21000,1945,3,81,,Active,,,https://www.redfin.com/NC/Fayetteville/311-Jasper-St-28301/home/125350014,LPRMLS,703926,N,Y,35.0872117,-78.900688
MLS Listing,,Single Family Residential,305 Woodside Ave,Fayetteville,NC,28301,298000,3,2.0,HAYMOUNT,1802,16117,1955,3,165,,Active,,,https://www.redfin.com/NC/Fayetteville/305-Woodside-Ave-28301/home/125375068,LPRMLS,703825,N,Y,35.0591962,-78.8921107
MLS Listing,,Single Family Residential,2621 Christy Ct,Fayetteville,NC,28304,270000,3,2.0,PARK PLACE,1643,17860,2019,3,164,19,Active,,,https://www.redfin.com/NC/Fayetteville/2621-Christy-Ct-28304/home/148579341,LPRMLS,703936,N,Y,35.0083831,-78.9817592
MLS Listing,,Mobile/Manufactured Home,1449 Bladen Union Church Rd,Fayetteville,NC,28306,260000,3,2.0,,2240,78844,1997,3,116,,Active,,,https://www.redfin.com/NC/Fayetteville/1449-Bladen-Union-Church-Rd-28306/home/116752757,LPRMLS,703935,N,Y,34.8241217,-78.8586344
MLS Listing,,Single Family Residential,300 Woodcrest Rd,Fayetteville,NC,28305,599900,4,4.5,HAYMOUNT,3694,,1958,3,162,,Active,,,https://www.redfin.com/NC/Fayetteville/300-Woodcrest-Rd-28305/home/126738691,LPRMLS,703933,N,Y,35.0525382,-78.9030533
MLS Listing,,Single Family Residential,306 Hinsdale Ave,Fayetteville,NC,28305,269900,3,2.0,HAYMOUNT,1407,6098,1982,3,192,,Active,,,https://www.redfin.com/NC/Fayetteville/306-Hinsdale-Ave-28305/home/125507527,LPRMLS,703724,N,Y,35.0596899,-78.8942583
MLS Listing,,Single Family Residential,5601 Shenandoah Dr,Fayetteville,NC,28304,240000,3,2.0,SHENANDOAH,1540,,1975,3,156,,Active,,,https://www.redfin.com/NC/Fayetteville/5601-Shenandoah-Dr-28304/home/125895222,LPRMLS,702150,N,Y,35.0258478,-78.9749625
MLS Listing,,Single Family Residential,810 Griffin St,Fayetteville,NC,28312,125000,3,1.0,DAVIS VILLAGE,1059,20909,1953,3,118,,Active,,,https://www.redfin.com/NC/Fayetteville/810-Griffin-St-28312/home/125520890,LPRMLS,702271,N,Y,35.0328729,-78.8472666
MLS Listing,,Single Family Residential,3044 N Kilchattan Dr,Fayetteville,NC,28306,349900,4,3.5,PEARTREE WEST,2162,,2017,3,162,20,Active,,,https://www.redfin.com/NC/Fayetteville/3044-N-Kilchattan-Dr-28306/home/167999225,LPRMLS,703801,N,Y,34.9701354,-79.0287709
MLS Listing,,Single Family Residential,2295 Hackney Loop,Fayetteville,NC,28306,185000,3,1.5,HACKNEY HLS,1250,,1983,3,148,,Active,,,https://www.redfin.com/NC/Fayetteville/2295-Hackney-Loop-28304/home/125658655,LPRMLS,703906,N,Y,35.0133449,-79.0120356
MLS Listing,,Single Family Residential,3401 Florida Dr,Fayetteville,NC,28311,225000,4,2.0,GREENBRIAR,1713,15682,1968,3,131,,Active,,,https://www.redfin.com/NC/Fayetteville/3401-Florida-Dr-28311/home/125349324,LPRMLS,702128,N,Y,35.1034886,-78.8668608
MLS Listing,,Single Family Residential,830 Harry Truman Dr,Fayetteville,NC,28311,425000,5,4.0,PATRIOT PARK VILLAGE,3715,9583,2012,3,114,22,Active,,,https://www.redfin.com/NC/Fayetteville/830-Harry-Truman-Rd-28311/home/126042676,LPRMLS,703878,N,Y,35.153746,-78.8974592
MLS Listing,,Single Family Residential,2374 Dunwoody Dr,Fayetteville,NC,28306,295000,4,2.0,Middleton,1773,25264,1992,3,166,,Active,,,https://www.redfin.com/NC/Fayetteville/2374-Dunwoody-Dr-28306/home/125666276,TMLS,2508803,N,Y,34.9981934,-79.0016133
MLS Listing,,Condo/Co-op,6764 Willowbrook Dr #3,Fayetteville,NC,28314,75000,2,2.0,STEWARTS CREEK GREEN,1253,,1986,3,60,198,Active,,,https://www.redfin.com/NC/Fayetteville/6764-Willowbrook-Dr-28314/unit-3/home/185320491,LPRMLS,703831,N,Y,35.0755146,-79.0164295
MLS Listing,,Single Family Residential,3129 Coleman Rd,Fayetteville,NC,28312,1280000,4,3.5,,4631,1306800,1990,3,276,,Active,,,https://www.redfin.com/NC/Fayetteville/3129-Coleman-Rd-28312/home/125842009,LPRMLS,703882,N,Y,35.1211908,-78.8041554
MLS Listing,,Single Family Residential,120 Ellington St,Fayetteville,NC,28305,420000,4,2.5,HAYMOUNT,2422,,2017,3,173,,Active,,,https://www.redfin.com/NC/Fayetteville/120-Ellington-St-28305/home/144086422,LPRMLS,703876,N,Y,35.0577912,-78.9091274
MLS Listing,,Single Family Residential,2240 Spindle Tree Dr,Fayetteville,NC,28304,189000,3,2.0,BEAVER CK S,1220,,1991,3,155,,Active,,,https://www.redfin.com/NC/Fayetteville/2240-Spindle-Tree-Dr-28304/home/126697748,LPRMLS,702350,N,Y,35.0118425,-78.9774041
MLS Listing,,Single Family Residential,311 Brainerd Ave,Fayetteville,NC,28301,225000,3,3.0,Myrtle Hill,1987,18295,1959,3,113,,Active,,,https://www.redfin.com/NC/Fayetteville/311-Brainerd-Ave-28301/home/125509738,TMLS,2507703,N,Y,35.0928083,-78.8725658
MLS Listing,,Single Family Residential,307 Brainerd Ave,Fayetteville,NC,28301,100000,2,1.0,Myrtle Hill,866,15681,1952,3,115,,Active,,,https://www.redfin.com/NC/Fayetteville/307-Brainerd-Ave-28301/home/125566813,TMLS,2507705,N,Y,35.0930507,-78.8724332
MLS Listing,,Single Family Residential,427 Crystal Dr,Fayetteville,NC,28311,415000,4,2.5,FAYETTEVILLE,2571,20473,2023,4,161,,Active,,,https://www.redfin.com/NC/Fayetteville/427-Crystal-Dr-28311/home/185314294,LPRMLS,703862,N,Y,35.12098,-78.88686
MLS Listing,,Single Family Residential,6311 Stoney Point Loop,Fayetteville,NC,28306,228000,3,2.0,STONEY PT,1563,,1979,4,146,,Active,,,https://www.redfin.com/NC/Fayetteville/6311-Stoney-Point-Loop-28306/home/125885890,LPRMLS,702426,N,Y,34.9827729,-78.9903727
MLS Listing,,Single Family Residential,3640 Abernathy Dr #4,Fayetteville,NC,28311,249900,3,2.0,COUNTRY CLUB HILLS (JACK),2332,12197,2001,4,107,,Active,,,https://www.redfin.com/NC/Fayetteville/3640-Abernathy-Dr-28311/unit-4/home/185313675,LPRMLS,703858,N,Y,35.1118971,-78.8866279
MLS Listing,,Single Family Residential,2450 Silverbell Loop,Fayetteville,NC,28304,204000,3,2.0,PEBBLE CREEK,1280,10454,1995,4,159,,Active,,,https://www.redfin.com/NC/Fayetteville/2450-Silver-Bell-Loop-28304/home/125770057,LPRMLS,702533,N,Y,35.0059253,-78.9782933
MLS Listing,,Single Family Residential,2219 Westdale Dr,Fayetteville,NC,28303,250000,2,1.5,Haymount,1162,8712,1950,4,215,,Pre On-Market,,,https://www.redfin.com/NC/Fayetteville/2219-Westdale-Dr-28303/home/125359600,TMLS,2508604,N,Y,35.0600685,-78.919078
MLS Listing,,Single Family Residential,1739 Martindale Dr,Fayetteville,NC,28304,135000,2,1.5,EVERGREEN,1355,,1960,4,100,,Active,,,https://www.redfin.com/NC/Fayetteville/1739-Martindale-Dr-28304/home/126619536,LPRMLS,703835,N,Y,35.0266321,-78.9468333
MLS Listing,,Single Family Residential,3024 Metthame Dr,Fayetteville,NC,28306,324000,3,2.5,GATES FOUR,1957,,2004,4,166,77,Active,,,https://www.redfin.com/NC/Fayetteville/3024-Metthame-Dr-28306/home/126419197,LPRMLS,703582,N,Y,34.9955931,-79.0218166
MLS Listing,,Single Family Residential,816 Bunce Rd,Fayetteville,NC,28314,179900,3,2.0,GLENBROOK,1125,,1972,4,160,,Active,,,https://www.redfin.com/NC/Fayetteville/816-Bunce-Rd-28314/home/126657788,LPRMLS,703843,N,Y,35.0498954,-78.9975942
MLS Listing,,Single Family Residential,1067 Pleasant Oak Dr,Fayetteville,NC,28314,217900,3,2.0,CLIFFDALE FORES,1560,14810,1986,4,140,,Active,,,https://www.redfin.com/NC/Fayetteville/1067-Pleasant-Oak-Dr-28314/home/125869075,LPRMLS,703829,N,Y,35.0443878,-79.0619015
MLS Listing,,Single Family Residential,1935 Ashton Rd,Fayetteville,NC,28304,165500,3,2.0,SHERWOOD PK,1092,,1965,4,152,,Active,,,https://www.redfin.com/NC/Fayetteville/1935-Ashton-Rd-28304/home/126172301,LPRMLS,702442,N,Y,35.0149304,-78.9523029
MLS Listing,,Single Family Residential,7308 Shillinglaw Cir,Fayetteville,NC,28314,235000,3,2.0,BROOKRUN,1665,11326,1994,4,141,,Active,,,https://www.redfin.com/NC/Fayetteville/7308-Shillinglaw-Cir-28314/home/126596767,LPRMLS,703673,N,Y,35.0603173,-79.0452383
MLS Listing,,Single Family Residential,2530 Sunnyside School Rd,Fayetteville,NC,28312,210000,3,2.0,,1816,,1976,4,116,,Active,,,https://www.redfin.com/NC/Fayetteville/2530-Sunnyside-School-Rd-28312/home/125787455,LPRMLS,703728,N,Y,35.0289289,-78.8322255
MLS Listing,,Condo/Co-op,6772 Willowbrook Dr #3,Fayetteville,NC,28314,79900,2,2.0,STEWARTS CK,1145,,1986,4,70,215,Active,,,https://www.redfin.com/NC/Fayetteville/6772-Willowbrook-Dr-28314/unit-3/home/125988568,LPRMLS,703817,N,Y,35.0758705,-79.0166061
MLS Listing,,Single Family Residential,502 Langdon St,Fayetteville,NC,28301,180000,3,2.0,CHESTNUT HILLS,1964,13504,1964,4,92,,Active,,,https://www.redfin.com/NC/Fayetteville/502-Langdon-St-28301/home/126154693,LPRMLS,703657,N,Y,35.0784602,-78.8901635
MLS Listing,,Single Family Residential,146 Lofton Dr,Fayetteville,NC,28311,318000,4,3.0,KINWOOD,2300,,1978,5,138,,Active,,,https://www.redfin.com/NC/Fayetteville/146-Lofton-Dr-28311/home/126674166,LPRMLS,701944,N,Y,35.1406698,-78.8691605
MLS Listing,,Vacant Land,"416, 416A, 418 420 Bryan St",Fayetteville,NC,28305,150000,,,,,20473,,5,,,Active,,,https://www.redfin.com/NC/Fayetteville/420-Bryan-St-28305/home/127319441,LPRMLS,702382,N,Y,35.05109,-78.898591
MLS Listing,,Vacant Land,1008 Branson St,Fayetteville,NC,28305,39000,,,,,8276,,5,,,Active,,,https://www.redfin.com/NC/Fayetteville/1008-Branson-St-28305/home/126261856,LPRMLS,702384,N,Y,35.052937,-78.89722
MLS Listing,,Vacant Land,911 Branson St,Fayetteville,NC,28305,39000,,,,,4792,,5,,,Active,,,https://www.redfin.com/NC/Fayetteville/911-Branson-St-28305/home/125533922,LPRMLS,702386,N,Y,35.0523715,-78.896009
MLS Listing,,Single Family Residential,1555 Ellie Ave,Fayetteville,NC,28314,435000,4,3.0,JAMES CREEK NORTH AT TREYBURN,2624,,2006,5,166,33,Active,,,https://www.redfin.com/NC/Fayetteville/1555-Ellie-Ave-28314/home/126178624,LPRMLS,703791,N,Y,35.0457175,-79.0887332
MLS Listing,,Single Family Residential,1445 Thelbert Dr,Fayetteville,NC,28301,175000,3,1.5,SEABROOK HL,1155,9148,1963,5,152,,Active,,,https://www.redfin.com/NC/Fayetteville/1445-Thelbert-Dr-28301/home/125511095,LPRMLS,703789,N,Y,35.0774801,-78.9079826
MLS Listing,,Single Family Residential,284 Channing Dr,Fayetteville,NC,28303,164900,3,1.0,LAGRANGE,1175,20038,1964,5,140,,Active,,,https://www.redfin.com/NC/Fayetteville/284-Channing-Dr-28303/home/125680031,LPRMLS,702235,N,Y,35.097041,-79.0151709
MLS Listing,,Single Family Residential,313 Palomar St,Fayetteville,NC,28314,245000,3,2.0,WESTWOOD,1852,,1963,5,132,,Active,,,https://www.redfin.com/NC/Fayetteville/313-Palomar-St-28314/home/125475683,LPRMLS,702530,N,Y,35.0623188,-78.9509429
MLS Listing,,Vacant Land,1114 Morgan St,Fayetteville,NC,28305,39000,,,,,7841,,5,,,Active,,,https://www.redfin.com/NC/Fayetteville/1114-Morgan-St-28305/home/126326339,LPRMLS,702387,N,Y,35.0508613,-78.8989196
MLS Listing,,Vacant Land,506 Link St,Fayetteville,NC,28301,29000,,,,,7405,,5,,,Active,,,https://www.redfin.com/NC/Fayetteville/506-Link-St-28301/home/125578757,LPRMLS,702388,N,Y,35.0516435,-78.8675442
MLS Listing,,Vacant Land,306 B St,Fayetteville,NC,28035,39000,,,,,8276,,5,,,Active,,,https://www.redfin.com/NC/Fayetteville/306-B-St-28301/home/126187959,LPRMLS,702440,N,Y,35.052237,-78.867837
MLS Listing,,Vacant Land,Lot 10 NC 24 Hwy W,Fayetteville,NC,28312,11250,,,FAYETTEVILLE,,75359,,5,,,Active,,,https://www.redfin.com/NC/Eastover/Lot-10-NC-24-HWY-W-28312/home/185295731,LPRMLS,703751,N,Y,35.0326,-78.7948
MLS Listing,,Single Family Residential,5604 Goose Creek Ln,Fayetteville,NC,28304,294500,3,2.5,BEAVER CRK,2414,16553,1988,5,122,,Active,,,https://www.redfin.com/NC/Fayetteville/5604-Goose-Creek-Ln-28304/home/125571748,LPRMLS,701741,N,Y,35.0151336,-78.977187
MLS Listing,,Single Family Residential,319 Nugget Ct,Fayetteville,NC,28311,179900,3,1.5,TIFFANY PIN,1132,13939,1979,5,159,,Active,,,https://www.redfin.com/NC/Fayetteville/319-Nugget-Ct-28311/home/126455397,LPRMLS,703622,N,Y,35.126408,-78.9113865
MLS Listing,,Single Family Residential,2628 Stonehaven Dr,Fayetteville,NC,28306,165000,3,1.0,,975,20038,1967,6,169,,Active,,,https://www.redfin.com/NC/Fayetteville/2628-Stonehaven-Dr-28306/home/126255617,LPRMLS,703744,N,Y,35.0076178,-78.9550081
MLS Listing,,Multi-Family (2-4 Unit),608 Miller Ave Unit 608/610,Fayetteville,NC,28304,300000,,,GREENWOOD,,,1981,6,,,Active,,,https://www.redfin.com/NC/Fayetteville/608-Miller-Ave-28304/unit-608-610/home/184160091,LPRMLS,703743,N,Y,35.0373926,-78.9458648
MLS Listing,,Single Family Residential,804 Hilton Dr,Fayetteville,NC,28311,232500,3,2.5,LAKERIDGE,1770,,1991,6,131,,Active,,,https://www.redfin.com/NC/Fayetteville/804-Hilton-Dr-28311/home/126726517,LPRMLS,703671,N,Y,35.1022407,-78.9057279
MLS Listing,,Single Family Residential,518 Foxdenton Pl,Fayetteville,NC,28303,240000,3,2.0,ROUNDTREE,1450,,2002,6,166,,Active,,,https://www.redfin.com/NC/Fayetteville/518-Foxdenton-Pl-28303/home/125719355,LPRMLS,703739,N,Y,35.0926517,-78.99967
MLS Listing,,Vacant Land,None,Fayetteville,NC,28301,20800,,,ECCLES PARK,,1132560,,6,,,Active,,,https://www.redfin.com/NC/E-FAYETTEVLLE/9th-St-28301/home/185283974,LPRMLS,701853,N,Y,35.0679,-78.8839
MLS Listing,,Vacant Land,1331 Longleaf Dr,Fayetteville,NC,28305,185000,,,FOREST LKS,,13504,,6,,,Active,,,https://www.redfin.com/NC/Fayetteville/1331-Longleaf-Dr-28305/home/126464129,LPRMLS,703692,N,Y,35.042555,-78.903583
MLS Listing,,Vacant Land,1335 Longleaf Dr,Fayetteville,NC,28305,185000,,,FOREST LKS,,13504,,6,,,Active,,,https://www.redfin.com/NC/Fayetteville/1335-Longleaf-Dr-28305/home/126523421,LPRMLS,703701,N,Y,35.042412,-78.903314
MLS Listing,,Vacant Land,Shadowmoss Dr,Fayetteville,NC,28312,60000,,,FAYETTEVILLE,,211702,,6,,,Active,,,https://www.redfin.com/NC/Fayetteville/Shadowmoss-Dr-28312/home/163111958,LPRMLS,701908,N,Y,35.065156,-78.777088
MLS Listing,,Vacant Land,Randolph Ave,Fayetteville,NC,28311,25000,,,FAYETTEVILLE,,20909,,6,,,Active,,,https://www.redfin.com/NC/Fayetteville/Randolph-Ave-28311/home/183277491,LPRMLS,701897,N,Y,35.0679,-78.8839
MLS Listing,,Vacant Land,726 Shaw Rd,Fayetteville,NC,28303,10000,,,FAYETTEVILLE,,24829,,6,,,Active,,,https://www.redfin.com/NC/Fayetteville/726-Shaw-Rd-28303/home/125828819,LPRMLS,701476,N,Y,35.105099,-78.947231
MLS Listing,,Vacant Land,Neville St,Fayetteville,NC,28301,100000,,,RAMSEY ST,,148104,,6,,,Active,,,https://www.redfin.com/NC/Fayetteville/Neville-St-28301/home/125298174,LPRMLS,703669,N,Y,35.073765,-78.871891
MLS Listing,,Single Family Residential,6850 Towbridge Rd,Fayetteville,NC,28306,419000,4,3.0,GATES FOUR,2509,20473,1977,6,167,75,Active,,,https://www.redfin.com/NC/Fayetteville/6850-Towbridge-Rd-28306/home/125743096,LPRMLS,703709,N,Y,34.9932401,-79.0125655
MLS Listing,,Single Family Residential,808 Longview Drive Ext,Fayetteville,NC,28311,235000,3,2.0,LONGVIEW ACRES,1547,87120,1949,6,152,,Active,,,https://www.redfin.com/NC/Fayetteville/808-Longview-Drive-Ext-28311/home/125396153,LPRMLS,702345,N,Y,35.113446,-78.863589
MLS Listing,,Single Family Residential,431 Hallmark Rd,Fayetteville,NC,28303,242000,3,2.0,COTTONADE,2117,,1971,6,114,,Active,,,https://www.redfin.com/NC/Fayetteville/431-Hallmark-Rd-28303/home/126288367,LPRMLS,702518,N,Y,35.0970523,-78.9834819
MLS Listing,,Single Family Residential,6531 Summerchase Dr,Fayetteville,NC,28311,780000,4,5.0,GREYSTONE FARMS,5017,28314,1995,6,155,28,Active,,,https://www.redfin.com/NC/Fayetteville/6531-Summerchase-Dr-28311/home/126683752,LPRMLS,702548,N,Y,35.1609751,-78.8636986
MLS Listing,,Single Family Residential,4350 Saleeby Way,Fayetteville,NC,28306,432000,5,3.5,THE PRESERVE AT LAKE UPCHURCH,2723,9583,2018,6,159,46,Active,,,https://www.redfin.com/NC/Fayetteville/4350-Saleeby-Way-28306/home/127807067,LPRMLS,703557,N,Y,34.96301,-79.006773
MLS Listing,,Single Family Residential,5234 Mawood Ave,Fayetteville,NC,28314,235000,3,2.5,KENDALL,1722,13504,1978,7,136,,Active,,,https://www.redfin.com/NC/Fayetteville/5234-Mawood-St-28314/home/125382646,LPRMLS,701596,N,Y,35.0768379,-78.9693675
MLS Listing,,Vacant Land,2519 Southern Ave,Fayetteville,NC,28306,110000,,,OAKLAND,,11326,,8,,,Active,,,https://www.redfin.com/NC/Fayetteville/2519-Southern-Ave-28306/home/125347874,LPRMLS,703658,N,Y,35.0165709,-78.9051346
MLS Listing,,Single Family Residential,538 Old Farm Rd,Fayetteville,NC,28314,260000,3,2.5,EDENS FARM,2118,,1993,8,123,,Active,,,https://www.redfin.com/NC/Fayetteville/538-Old-Farm-Rd-28314/home/125433613,LPRMLS,703655,N,Y,35.0730034,-78.9812953
MLS Listing,,Single Family Residential,409 Vista Dr,Fayetteville,NC,28305,255000,2,1.0,HAYMOUNT,1501,14810,1948,8,170,,Active,,,https://www.redfin.com/NC/Fayetteville/409-Vista-Dr-28305/home/125315954,LPRMLS,702262,N,Y,35.0494875,-78.901528
MLS Listing,,Single Family Residential,812 Stamper Rd,Fayetteville,NC,28303,264900,3,2.0,EUTAW,2191,43560,1956,9,121,,Active,,,https://www.redfin.com/NC/Fayetteville/812-Stamper-Rd-28303/home/126662551,LPRMLS,702510,N,Y,35.0731144,-78.921907
MLS Listing,,Single Family Residential,4416 Bluebush Dr,Fayetteville,NC,28312,319900,3,2.0,BAYWOOD,1736,,2004,9,184,,Active,,,https://www.redfin.com/NC/Fayetteville/4416-Bluebush-Dr-28312/home/126069334,LPRMLS,703638,N,Y,35.0492289,-78.7528235
MLS Listing,,Single Family Residential,314 Narwhal Ct,Fayetteville,NC,28314,260000,3,2.0,WATERS EDGE,1596,9583,1979,9,163,,Active,,,https://www.redfin.com/NC/Fayetteville/314-Narwhal-Ct-28314/home/125918934,LPRMLS,703563,N,Y,35.063256,-78.991764
MLS Listing,,Single Family Residential,1608 Pugh St,Fayetteville,NC,28305,460000,4,3.0,HAYMOUNT,2248,17424,1947,9,205,,Active,,,https://www.redfin.com/NC/Fayetteville/1608-Pugh-St-28305/home/125833012,LPRMLS,703592,N,Y,35.0556111,-78.9075847
MLS Listing,,Single Family Residential,2227 Gray Goose Loop,Fayetteville,NC,28306,264900,3,2.5,BROOKSHIRE,1754,,2007,10,151,,Active,,,https://www.redfin.com/NC/Fayetteville/2227-Gray-Goose-Loop-28306/home/126030632,LPRMLS,703602,N,Y,35.0021767,-78.9346361
MLS Listing,,Single Family Residential,5705 Cloister Ct,Fayetteville,NC,28314,289000,3,2.5,WATERS EDGE,1681,15682,1979,10,172,,Active,,,https://www.redfin.com/NC/Fayetteville/5705-Cloister-Ct-28314/home/125523592,LPRMLS,702251,N,Y,35.0605337,-78.9842991
MLS Listing,,Single Family Residential,6865 Bailey Lake Rd,Fayetteville,NC,28304,180000,3,2.0,RIDGE WOOD,1239,16117,1996,10,145,,Active,,,https://www.redfin.com/NC/Fayetteville/6865-Bailey-Lake-Rd-28304/home/126765107,LPRMLS,702434,N,Y,35.02713,-78.9979022
MLS Listing,,Single Family Residential,3612 Camberly Dr,Fayetteville,NC,28306,495000,4,2.5,GATES FOUR,2780,,2020,10,178,76,Active,,,https://www.redfin.com/NC/Fayetteville/3612-Camberly-Dr-28306/home/148580221,LPRMLS,701536,N,Y,35.0054415,-79.02164
MLS Listing,,Single Family Residential,2052 Yellowbrick Rd,Fayetteville,NC,28314,260000,3,2.5,SCOTTS MILL SO,1920,10019,2010,10,135,14,Active,,,https://www.redfin.com/NC/Fayetteville/2052-Yellowbrick-Rd-28314/home/126834229,LPRMLS,702551,N,Y,35.0412333,-79.0793562
MLS Listing,,Condo/Co-op,1611 Bluffside Dr #106,Fayetteville,NC,28312,200000,3,2.5,River Bluff,1939,,2007,10,103,281,Pre On-Market,,,https://www.redfin.com/NC/Fayetteville/1611-Bluffside-Dr-28312/unit-106/home/126521986,TMLS,2507399,N,Y,35.0558903,-78.8539831
MLS Listing,,Single Family Residential,410 Murray Hill Rd,Fayetteville,NC,28303,510000,5,4.0,MURRAY HILL,3885,,1971,10,131,,Active,,,https://www.redfin.com/NC/Fayetteville/410-Murray-Hill-Rd-28303/home/126284772,LPRMLS,703556,N,Y,35.0559106,-78.9394533
MLS Listing,,Single Family Residential,1106 Barwin Dr,Fayetteville,NC,28304,170000,3,1.5,BARWIN ESTATES,1419,,1971,10,120,,Active,,,https://www.redfin.com/NC/Fayetteville/1106-Barwin-Dr-28304/home/126709198,LPRMLS,702437,N,Y,35.0303618,-78.9597364
MLS Listing,,Single Family Residential,845 Red Cedar Ln,Fayetteville,NC,28306,304500,3,2.0,CEDAR GROVE,2020,15246,1996,11,151,,Active,,,https://www.redfin.com/NC/Fayetteville/845-Red-Cedar-Ln-28306/home/125780692,LPRMLS,702549,N,Y,34.9497397,-78.8835106
MLS Listing,,Vacant Land,TBD Gip Rd,Fayetteville,NC,28312,65000,,,,,357192,,11,,,Active,,,https://www.redfin.com/NC/Fayetteville/TBD-Gip-Rd-28312/home/185248667,LPRMLS,702210,N,Y,34.891448,-78.667518
MLS Listing,,Single Family Residential,5402 Palm Cir,Fayetteville,NC,28304,210000,3,2.0,LAFAYETTE V,1238,,2020,11,170,,Active,,,https://www.redfin.com/NC/Fayetteville/5402-Palm-Cir-28304/home/126205363,LPRMLS,702164,N,Y,35.036215,-78.9688374
MLS Listing,,Single Family Residential,1701 Empress Ln,Fayetteville,NC,28304,285000,3,2.5,Not In Subdivision,1820,11761,1994,11,157,,Active,,,https://www.redfin.com/NC/Fayetteville/1701-Empress-Ln-28304/home/126102703,NCRMLS,100377823,N,Y,35.0173479,-78.9907039
MLS Listing,,Vacant Land,444 Horseshoe Rd,Fayetteville,NC,28303,15000,,,,,10019,,11,,,Active,,,https://www.redfin.com/NC/Fayetteville/444-Horseshoe-Rd-28303/home/126268701,LPRMLS,702502,N,Y,35.093942,-78.994055
MLS Listing,,Single Family Residential,5544 Thackeray Dr,Fayetteville,NC,28306,225000,3,2.0,SADDLE RIDGE,1260,9148,2007,11,179,,Active,,,https://www.redfin.com/NC/Fayetteville/5544-Thackeray-Dr-28306/home/125308413,LPRMLS,702409,N,Y,34.9981766,-78.9496393
MLS Listing,,Vacant Land,0 Walter Dr,Bladenboro,NC,28320,25000,,,Not In Subdivision,,130680,,12,,,Active,,,https://www.redfin.com/NC/Fayetteville/Walter-Dr-28306/home/162757791,NCRMLS,100380973,N,Y,34.835968,-78.86038
MLS Listing,,Single Family Residential,405 Lancaster Rd,Fayetteville,NC,28303,190000,3,2.0,Cottinade,1713,17424,1968,12,111,,Active,,,https://www.redfin.com/NC/Fayetteville/405-Lancaster-Rd-28303/home/125525675,TMLS,2506499,N,Y,35.1025544,-78.9909865
MLS Listing,,Single Family Residential,2416 Thorngrove Ct,Fayetteville,NC,28303,729000,5,4.5,THE VILLAGE AT SYCAMORE,4665,,2012,13,156,46,Active,,,https://www.redfin.com/NC/Fayetteville/2416-Thorngrove-Ct-28303/home/125747058,LPRMLS,701872,N,Y,35.0751519,-78.9493742
MLS Listing,,Multi-Family (5+ Unit),122 Eastwood Ave,Fayetteville,NC,28301,750000,,,FAYETTEVILLE,,,1952,13,,,Active,,,https://www.redfin.com/NC/Fayetteville/122-Eastwood-Ave-28301/home/126477359,LPRMLS,702372,N,Y,35.095566,-78.8753653
MLS Listing,,Single Family Residential,5407 Seedling Rd,Fayetteville,NC,28311,444774,4,3.0,ELLIOT FARMS,2929,12197,2023,13,152,13,Active,,,https://www.redfin.com/NC/Fayetteville/5407-Seedling-RD-28311/home/185211723,LPRMLS,702396,N,Y,35.20147762,-78.86245886
MLS Listing,,Single Family Residential,5430 Seedling Rd,Fayetteville,NC,28311,461945,4,3.5,ELLIOT FARMS,3274,12197,2023,13,141,13,Active,,,https://www.redfin.com/NC/Fayetteville/5430-Seedling-RD-28311/home/185211642,LPRMLS,702395,N,Y,35.20325727,-78.8625125
MLS Listing,,Single Family Residential,332 Glee St,Hope Mills,NC,28348,362900,4,3.0,BRAXTON VILLAGE,2286,,2023,13,159,40,Active,,,https://www.redfin.com/NC/Hope-Mills/332-Glee-ST-Unknown/home/185211644,LPRMLS,702394,N,Y,35.060621,-78.869344
MLS Listing,,Single Family Residential,1807 Morganton Rd,Fayetteville,NC,28305,415000,4,3.0,HAYMOUNT,2762,16117,1920,13,150,,Active,,,https://www.redfin.com/NC/Fayetteville/1807-Morganton-Rd-28305/home/126303373,LPRMLS,702213,N,Y,35.0588862,-78.9092425
MLS Listing,,Single Family Residential,3212 Carnoustie Ct,Fayetteville,NC,28306,398000,4,2.5,AUTRY LAKES AT GATES FOUR,2542,5227,2023,13,157,50,Active,,,https://www.redfin.com/NC/Fayetteville/3212-Carnoustie-Ct-28306/home/184976042,LPRMLS,702291,N,Y,34.997561,-79.023186
MLS Listing,,Vacant Land,0 & 607 Monroe St,Spring Lake,NC,28390,200000,,,SPRING LAKE,,86684,,13,,,Active,,,https://www.redfin.com/NC/Spring-Lake/607-Monroe-St-28390/home/185211177,LPRMLS,702374,N,Y,35.1614013,-78.9692919
MLS Listing,,Single Family Residential,2601 Bardolino Dr,Fayetteville,NC,28306,390000,5,3.5,THE WOODS BRCH CK,2399,,2007,13,163,,Active,,,https://www.redfin.com/NC/Fayetteville/2601-Bardolino-Dr-28306/home/126542484,LPRMLS,702371,N,Y,34.9977842,-78.989688
MLS Listing,,Vacant Land,863 Ridge Rd,Fayetteville,NC,28311,35000,,,FAYETTEVILLE,,24829,,15,,,Active,,,https://www.redfin.com/NC/Fayetteville/863-Ridge-Rd-28311/home/125559431,LPRMLS,702348,N,Y,35.114739,-78.9164459
MLS Listing,,Single Family Residential,200 Sedberry St,Fayetteville,NC,28305,195900,2,1.0,,1000,,1933,15,196,,Active,,,https://www.redfin.com/NC/Fayetteville/200-Sedberry-St-28305/home/125783038,LPRMLS,702277,N,Y,35.0591748,-78.9162932
MLS Listing,,Vacant Land,6899 Deerhorn Ct,Fayetteville,NC,28314,8000,,,Cliffdale West,,17424,,16,,,Active,,,https://www.redfin.com/NC/Fayetteville/6899-Deerhorn-Ct-28314/home/127566549,TMLS,2506571,N,Y,35.05702,-79.059817
MLS Listing,,Vacant Land,562 Glensford Dr,Fayetteville,NC,28314,9000,,,Not in a Subdivision,,8712,,16,,,Active,,,https://www.redfin.com/NC/Fayetteville/562-Glensford-Dr-28314/home/127157912,TMLS,2506564,N,Y,35.0545202,-78.9622543
MLS Listing,,Single Family Residential,1516 Paisley Ave,Fayetteville,NC,28304,230000,3,2.0,ARRAN LAKES,1967,,1968,16,117,,Active,,,https://www.redfin.com/NC/Fayetteville/1516-Paisley-Ave-28304/home/125569989,LPRMLS,702288,N,Y,35.0308051,-78.9807652
MLS Listing,,Single Family Residential,6203 Timberland Dr,Fayetteville,NC,28314,160000,3,1.5,,,,1969,16,,,Active,,,https://www.redfin.com/NC/Fayetteville/6203-Timberland-Dr-28314/home/125369845,Triad MLS,1102035,N,Y,35.0522399,-78.9897764
MLS Listing,,Single Family Residential,521 Cedar Creek Rd,Fayetteville,NC,28312,850000,3,1.5,NOT IN SUBDIVISION,1700,,1946,16,500,,Active,,,https://www.redfin.com/NC/Fayetteville/521-Cedar-Creek-Rd-28312/home/125333901,LPRMLS,702276,N,Y,35.0380274,-78.846957
MLS Listing,,Single Family Residential,615 Foxlair Dr,Fayetteville,NC,28311,425000,3,3.0,Hunters Ridge,2442,54886,1997,16,174,,Active,,,https://www.redfin.com/NC/Fayetteville/615-Foxlair-Dr-28311/home/125255562,NCRMLS,100380035,N,Y,35.2163658,-78.8575728
MLS Listing,,Single Family Residential,6442 Greyfield Rd,Fayetteville,NC,28303,349000,4,2.0,COTTONADE,2511,,1963,17,139,,Active,,,https://www.redfin.com/NC/Fayetteville/6442-Greyfield-Rd-28303/home/126723680,LPRMLS,701715,N,Y,35.1063208,-78.9852267
MLS Listing,,Single Family Residential,6203 Vigilante Ct,Fayetteville,NC,28303,235000,4,2.0,PONDEROSA,1746,14375,1973,17,135,,Active,,,https://www.redfin.com/NC/Fayetteville/6203-Vigilante-Ct-28303/home/126729746,LPRMLS,702246,N,Y,35.0888824,-78.9946791
MLS Listing,,Single Family Residential,525 Rempstone Ln,Fayetteville,NC,28311,369500,4,3.5,Kings Grant,2460,10019,2019,17,150,99,Active,,,https://www.redfin.com/NC/Fayetteville/525-Rempstone-Ln-28311/home/169420690,NCRMLS,100380244,N,Y,35.1416612,-78.8868364
MLS Listing,,Multi-Family (2-4 Unit),1011 Arsenal Ave,Fayetteville,NC,28305,465000,,,Not in a Subdivision,2644,14810,1906,17,176,,Active,,,https://www.redfin.com/NC/Fayetteville/1011-Arsenal-Ave-28305/home/126668882,TMLS,2506283,N,Y,35.0547187,-78.8972174
MLS Listing,,Vacant Land,Lot 3B 3C 3D 3E Hughes Rd,Fayetteville,NC,28312,100000,,,Not in a Subdivision,,87120,,17,,,Active,,,https://www.redfin.com/NC/Fayetteville/Lot-3B-3C-3D-3E-Hughes-Rd-28312/home/185180255,TMLS,2506248,N,Y,35.034349,-78.837725
MLS Listing,,Single Family Residential,901 Cedar Creek Rd,Fayetteville,NC,28312,195900,3,2.0,CEDAR CREEK,1577,9148,1952,17,124,,Active,,,https://www.redfin.com/NC/Fayetteville/901-Cedar-Creek-Rd-28312/home/125538527,LPRMLS,701713,N,Y,35.0308398,-78.8441259
MLS Listing,,Single Family Residential,3829 Burlington Dr,Fayetteville,NC,28312,440750,5,3.5,CAPE FEAR CROSSINGS,3172,53579,2010,17,139,24,Active,,,https://www.redfin.com/NC/Fayetteville/3829-Burlington-Dr-28312/home/126542728,LPRMLS,702236,N,Y,35.0327689,-78.7851187
MLS Listing,,Single Family Residential,602 Hemphill Cir,Fayetteville,NC,28303,140000,3,2.0,COTTONADE,1783,15682,1975,17,79,,Active,,,https://www.redfin.com/NC/Fayetteville/602-Hemphill-Cir-28303/home/126105234,LPRMLS,695669,N,Y,35.1013824,-78.9776729
MLS Listing,,Single Family Residential,6020 Bartlett Ct,Fayetteville,NC,28314,195000,3,2.0,WATERS EDGE,1375,,1983,17,142,,Active,,,https://www.redfin.com/NC/Fayetteville/6020-Bartlett-Ct-28314/home/125664400,LPRMLS,702134,N,Y,35.0642598,-79.0013483
MLS Listing,,Single Family Residential,311 Cartwright Dr,Fayetteville,NC,28303,159500,3,1.5,PONDEROSA,1066,,1967,18,150,,Active,,,https://www.redfin.com/NC/Fayetteville/311-Cartwright-Dr-28303/home/126232016,LPRMLS,699998,N,Y,35.0864325,-78.9851402
MLS Listing,,Single Family Residential,7505 Paxton Dr,Fayetteville,NC,28303,215000,4,2.0,LAGRANGE,1967,,1966,18,109,,Active,,,https://www.redfin.com/NC/Fayetteville/7505-Paxton-Dr-28303/home/126805736,LPRMLS,701423,N,Y,35.0937696,-79.0119031
MLS Listing,,Vacant Land,1164 Acorn St,Fayetteville,NC,28303,10000,,,EUTAW,,13068,,19,,,Active,,,https://www.redfin.com/NC/Fayetteville/1164-Acorn-St-28303/home/184980633,LPRMLS,702116,N,Y,35.084797,-78.924828
MLS Listing,,Vacant Land,1160 Acorn St,Fayetteville,NC,28303,8000,,,EUTAW,,9583,,19,,,Active,,,https://www.redfin.com/NC/Fayetteville/1160-Acorn-St-28303/home/184980634,LPRMLS,702115,N,Y,35.084659,-78.924586
MLS Listing,,Single Family Residential,589 Castle Rising Rd,Fayetteville,NC,28314,419000,4,3.5,NEWCASTLE,2565,22651,1996,19,163,,Active,,,https://www.redfin.com/NC/Fayetteville/589-Castle-Rising-Rd-28314/home/126139413,LPRMLS,702111,N,Y,35.0607442,-78.9564662
MLS Listing,,Single Family Residential,2028 Lunsford (lt225) Dr,Fayetteville,NC,28314,337900,4,2.5,HIGHCROFT,2375,8276,2023,20,142,20,Active,,,https://www.redfin.com/NC/Fayetteville/2028-Lunsford-Dr-28314/home/185141362,LPRMLS,702080,N,Y,35.0403566,-79.0743884
MLS Listing,,Single Family Residential,2024 Lunsford (lt226) Dr,Fayetteville,NC,28314,333900,4,3.0,HIGHCROFT,2344,8276,2023,20,142,20,Active,,,https://www.redfin.com/NC/Fayetteville/2024-Lunsford-Dr-28314/home/185141361,LPRMLS,702081,N,Y,35.0403566,-79.0743884
MLS Listing,,Vacant Land,221 Woodcrest Rd,Fayetteville,NC,28305,115000,,,FOREST LKS,,10890,,20,,,Active,,,https://www.redfin.com/NC/Fayetteville/221-Woodcrest-Rd-28305/home/126442108,LPRMLS,702077,N,Y,35.0532377,-78.9023459
MLS Listing,,Single Family Residential,1898 Penrose Dr,Fayetteville,NC,28304,349900,4,2.5,WELLS PLACE,2640,,1992,20,133,,Active,,,https://www.redfin.com/NC/Fayetteville/1898-Penrose-Dr-28304/home/125739217,LPRMLS,701572,N,Y,35.0327246,-79.0131617
MLS Listing,,Single Family Residential,606 Hilliard Dr,Fayetteville,NC,28311,200000,3,2.0,HILLENDALE,1595,15682,1968,20,125,,Active,,,https://www.redfin.com/NC/Fayetteville/606-Hilliard-Dr-28311/home/126374709,LPRMLS,698856,N,Y,35.1098813,-78.8992733
MLS Listing,,Single Family Residential,2822 (Lot 8) John Hall Rd,Fayetteville,NC,28312,327950,4,2.5,JOHN HALL LANDING,2049,112820,2023,20,160,,Active,,,https://www.redfin.com/NC/Fayetteville/2822-John-Hall-Rd-28312/home/184969988,LPRMLS,702061,N,Y,34.971799,-78.744539
MLS Listing,,Single Family Residential,2834 (Lot 9) John Hall Rd,Fayetteville,NC,28312,299950,3,2.0,JOHN HALL LANDING,1850,87120,2023,20,162,,Active,,,https://www.redfin.com/NC/Fayetteville/2834-John-Hall-Rd-28312/home/184969987,LPRMLS,702054,N,Y,34.971521,-78.744669
MLS Listing,,Vacant Land,0 Gateway Dr,Hope Mills,NC,28348,12000,,,Cumberland,,19602,,21,,,Active,,,https://www.redfin.com/NC/Hope-Mills/Gateway-DR-Unknown/home/185131776,TMLS,2505486,N,Y,34.970132,-78.90598
MLS Listing,,Single Family Residential,717 Ashboro St,Fayetteville,NC,28311,225000,4,2.5,WOODCLIFT,1906,12197,1967,21,118,,Active,,,https://www.redfin.com/NC/Fayetteville/717-Ashboro-St-28311/home/126374495,LPRMLS,701656,N,Y,35.1109318,-78.8665436
MLS Listing,,Vacant Land,TBD Kellogg St,Fayetteville,NC,28301,33000,,,Not in a Subdivision,,98445,,22,,,Active,,,https://www.redfin.com/NC/Fayetteville/TBD-Kellogg-St-28301/home/185092928,TMLS,2504802,N,Y,35.081779,-78.874916
MLS Listing,,Single Family Residential,504 Albany St,Fayetteville,NC,28301,195000,4,2.0,Holly Springs,2072,16988,1956,23,94,,Active,,,https://www.redfin.com/NC/Fayetteville/504-Albany-St-28301/home/126631369,TMLS,2505159,N,Y,35.0839455,-78.8929066
MLS Listing,,Single Family Residential,5424 Birch Rd,Fayetteville,NC,28304,166900,3,1.0,LaFayette Village,1103,11325,1954,23,151,,Active,,,https://www.redfin.com/NC/Fayetteville/5424-Birch-Rd-28304/home/125404242,TMLS,2504131,N,Y,35.0320583,-78.9698535
MLS Listing,,Vacant Land,1538 Cedar Creek Rd + 3 Parcels,Fayetteville,NC,28312,799000,,,,,6800152,,24,,,Active,,,https://www.redfin.com/NC/Fayetteville/1538-Cedar-Creek-Rd-28312/home/126589752,LPRMLS,701899,N,Y,35.0156654,-78.8496885
MLS Listing,,Single Family Residential,3306 Memorial Dr,Fayetteville,NC,28311,420000,5,3.5,LIBERTY HILL,3354,8712,2013,24,125,35,Active,,,https://www.redfin.com/NC/Fayetteville/3306-Memorial-Dr-28311/home/52768549,LPRMLS,700011,N,Y,35.149207,-78.8926413
MLS Listing,,Single Family Residential,1530 Pierce St,Fayetteville,NC,28305,114900,2,1.0,SAVOY HGTS,730,6098,1949,25,157,,Active,,,https://www.redfin.com/NC/Fayetteville/1530-Pierce-St-28305/home/126733590,LPRMLS,701817,N,Y,35.0442868,-78.9030643
MLS Listing,,Vacant Land,1763 Tryon Dr,Fayetteville,NC,28303,20000,,,Briarcliff,,13504,,25,,,Active,,,https://www.redfin.com/NC/Fayetteville/1763-Tryon-Dr-28303/home/184979102,TMLS,2504533,N,Y,35.0915899,-78.936863
MLS Listing,,Single Family Residential,1318 Summitt Ave,Fayetteville,NC,28305,320000,3,2.5,Haymount,2282,8712,1985,25,140,,Active,,,https://www.redfin.com/NC/Fayetteville/1318-Summitt-Ave-28305/home/126257560,TMLS,2501015,N,Y,35.0597896,-78.9017215
MLS Listing,,Vacant Land,323 Lakeview Dr,Fayetteville,NC,28311,40000,,,,,22651,,27,,,Active,,,https://www.redfin.com/NC/Fayetteville/323-Lakeview-Dr-28311/home/163081483,LPRMLS,701530,N,Y,35.193804,-78.857175
MLS Listing,,Vacant Land,317 Lakeview Dr,Fayetteville,NC,28311,40000,,,,,22651,,27,,,Active,,,https://www.redfin.com/NC/Fayetteville/317-Lakeview-Dr-28311/home/163116636,LPRMLS,701526,N,Y,35.1937992,-78.856761
MLS Listing,,Single Family Residential,517 Deerpath Dr,Fayetteville,NC,28311,199000,4,2.5,College Lakes,1966,11325,1975,27,101,,Active,,,https://www.redfin.com/NC/Fayetteville/517-Deerpath-Dr-28311/home/125861003,TMLS,2501855,N,Y,35.1435739,-78.9014838
MLS Listing,,Single Family Residential,628 W Mountain Dr,Fayetteville,NC,28306,59000,2,1.0,CUMBERLAND,720,,1958,28,82,,Active,,,https://www.redfin.com/NC/Fayetteville/628-W-Mountain-Dr-28306/home/125454130,LPRMLS,701390,N,Y,35.0156861,-78.9124883
MLS Listing,,Single Family Residential,6626 Vaughn Rd,Fayetteville,NC,28304,250000,3,2.0,ROBINHILL,1570,,1975,29,159,,Active,,,https://www.redfin.com/NC/Fayetteville/6626-Vaughn-Rd-28304/home/125994507,LPRMLS,701705,N,Y,35.023605,-79.018262
MLS Listing,,Single Family Residential,914 W Rowan St,Fayetteville,NC,28301,324900,3,2.5,HAYMOUNT,1950,,2017,29,167,,Active,,,https://www.redfin.com/NC/Fayetteville/914-W-Rowan-St-28301/home/167991203,LPRMLS,701380,N,Y,35.061337,-78.8955152
MLS Listing,,Single Family Residential,957 Hollywood Blvd,Fayetteville,NC,28312,170000,3,2.0,FAYETTEVILLE,1860,28314,1961,30,91,,Active,,,https://www.redfin.com/NC/Fayetteville/957-Hollywood-Blvd-28312/home/126396329,LPRMLS,701682,N,Y,35.0638724,-78.8412062
MLS Listing,,Single Family Residential,7126 Haymarket Dr,Fayetteville,NC,28306,340000,3,2.0,Grays Creek,2164,72309,1999,30,157,,Active,,,https://www.redfin.com/NC/Fayetteville/7126-Haymarket-Rd-28306/home/126630790,TMLS,2503972,N,Y,34.8504054,-78.8751086
MLS Listing,,Single Family Residential,5835 Lake Villa Dr,Fayetteville,NC,28304,239900,3,2.0,ARRAN LAKES WES,1692,13068,1985,31,142,,Active,,,https://www.redfin.com/NC/Fayetteville/5835-Lake-Villa-Dr-28304/home/126259100,LPRMLS,699209,N,Y,35.0194959,-78.9974617
MLS Listing,,Single Family Residential,305 Wagoner Dr,Fayetteville,NC,28303,294200,3,2.0,HUNTINGTON PK (FAY),1845,,1980,31,159,,Active,,,https://www.redfin.com/NC/Fayetteville/305-Wagoner-Dr-28303/home/126140876,LPRMLS,701515,N,Y,35.074416,-78.9471426
MLS Listing,,Single Family Residential,6490 Chamblee Dr,Fayetteville,NC,28306,199900,4,2.0,MIDDLETON,1891,,1992,32,106,,Active,,,https://www.redfin.com/NC/Fayetteville/6490-Chamblee-Dr-28306/home/125818258,LPRMLS,701531,N,Y,34.9977183,-78.99967
MLS Listing,,Single Family Residential,3529 Dunkirk Ct,Fayetteville,NC,28306,438995,5,3.0,VILLAGE AT ROCKFISH,3521,,2013,32,125,35,Active,,,https://www.redfin.com/NC/Fayetteville/3529-Dunkirk-Ct-28306/home/125413511,LPRMLS,701512,N,Y,34.9512375,-78.8534593
MLS Listing,,Single Family Residential,5212 Chesapeake Rd,Fayetteville,NC,28311,180000,4,2.0,COLLEGE LAKES,1432,,1967,33,126,,Active,,,https://www.redfin.com/NC/Fayetteville/5212-Chesapeake-Rd-28311/home/126784262,LPRMLS,699977,N,Y,35.1355463,-78.8963553
MLS Listing,,Single Family Residential,837 Brighton Rd,Fayetteville,NC,28314,179900,3,1.5,MONTCLAIR,1464,14375,1963,33,123,,Active,,,https://www.redfin.com/NC/Fayetteville/837-Brighton-Rd-28314/home/125542482,LPRMLS,701484,N,Y,35.0466411,-78.958808
MLS Listing,,Single Family Residential,(Lot 87) 1326 Water Leaf Dr,Fayetteville,NC,28314,359900,3,2.5,LITTLE RIVER FARMS,2234,9148,2022,33,161,18,Active,,,https://www.redfin.com/NC/Fayetteville/1326-Water-Leaf-Dr-28314/home/184936837,LPRMLS,701473,N,Y,35.0550799,-79.0407649
MLS Listing,,Single Family Residential,(LOT 150) 4822 Quiet Pine Rd,Fayetteville,NC,28314,334900,4,2.5,LITTLE RIVER FARMS,1884,8276,2023,33,178,18,Active,,,https://www.redfin.com/NC/Fayetteville/4822-Quiet-Pine-Rd-28314/home/184936528,LPRMLS,701471,N,Y,35.053575,-79.039831
MLS Listing,,Single Family Residential,115 Brookwood Ave,Fayetteville,NC,28301,165000,3,1.5,Not in a Subdivision,1670,9583,1950,34,99,,Active,,,https://www.redfin.com/NC/Fayetteville/115-Brookwood-Ave-28301/home/126762309,TMLS,2503071,N,Y,35.0799017,-78.8803931
MLS Listing,,Single Family Residential,1009 Four Wood Dr,Fayetteville,NC,28312,489000,4,3.5,BAYWOOD,3011,,1997,34,162,,Active,,,https://www.redfin.com/NC/Fayetteville/1009-Four-Wood-Dr-28312/home/126506908,LPRMLS,701398,N,Y,35.0630841,-78.7533991
MLS Listing,,Single Family Residential,202 Hinsdale Ave,Fayetteville,NC,28303,475000,4,3.5,HAYMOUNT,3948,,1919,36,120,,Active,,,https://www.redfin.com/NC/Fayetteville/202-Hinsdale-Ave-28305/home/125845675,LPRMLS,700194,N,Y,35.0580794,-78.8942772
MLS Listing,,Single Family Residential,3512 Rolls Ave,Fayetteville,NC,28311,204900,3,2.5,Not in a Subdivision,1701,15246,1978,36,120,,Active,,,https://www.redfin.com/NC/Fayetteville/3512-Rolls-Ave-28311/home/126213706,TMLS,2502858,N,Y,35.1089918,-78.9066563
MLS Listing,,Single Family Residential,4034 Beaubien Dr,Fayetteville,NC,28306,335000,4,2.5,PARKERS RIDGE,2566,,2007,37,131,,Active,,,https://www.redfin.com/NC/Fayetteville/4034-Beaubien-Dr-28306/home/125411860,LPRMLS,699431,N,Y,35.0142507,-79.0297379
MLS Listing,,Vacant Land,Wilma St,Fayetteville,NC,28301,18000,,,ECCLES PARK,,13068,,37,,,Active,,,https://www.redfin.com/NC/Fayetteville/Wilma-St-28301/home/125273729,LPRMLS,701320,N,Y,35.089199,-78.898186
MLS Listing,,Vacant Land,692 Rehder Dr,Fayetteville,NC,28306,75000,,,ROCKFISH COVE,,65776,,38,,,Active,,,https://www.redfin.com/NC/Fayetteville/692-Rehder-Dr-28306/home/125343652,LPRMLS,701289,N,Y,34.959682,-78.895454
MLS Listing,,Single Family Residential,205 Nairn St,Fayetteville,NC,28311,424900,4,3.0,Currin Hill,2870,23086,2022,38,148,17,Active,,,https://www.redfin.com/NC/Fayetteville/205-Nairn-St-28311/home/179663150,TMLS,2502313,N,Y,35.198011,-78.868407
MLS Listing,,Vacant Land,Draper Rd,Fayetteville,NC,28312,45000,,,FAYETTEVILLE,,305791,,39,,,Active,,,https://www.redfin.com/NC/Fayetteville/Draper-Rd-28312/home/163158106,LPRMLS,700214,N,Y,35.03821,-78.827528
MLS Listing,,Single Family Residential,102 Summerchase Dr,Fayetteville,NC,28311,424000,3,3.0,FAIRFIELD FARMS,2092,,2000,39,203,10,Active,,,https://www.redfin.com/NC/Fayetteville/102-W-Summerchase-Dr-28311/home/126148275,LPRMLS,699678,N,Y,35.1602011,-78.8685327
MLS Listing,,Single Family Residential,2036 Lunsford (lt223) Dr,Fayetteville,NC,28314,357900,4,3.0,HIGHCROFT,2468,11761,2023,39,145,20,Active,,,https://www.redfin.com/NC/Fayetteville/2036-Lunsford-Dr-28314/home/184874669,LPRMLS,700182,N,Y,35.0403566,-79.0743884
MLS Listing,,Vacant Land,526 Edward St,Fayetteville,NC,28301,65000,,,,,8712,,40,,,Active,,,https://www.redfin.com/NC/Fayetteville/526-Edward-St-28301/home/125942857,LPRMLS,700177,N,Y,35.065767,-78.8864511
MLS Listing,,Single Family Residential,618 Bessemer Cir,Fayetteville,NC,28301,109900,2,2.5,BROADELL,1790,,1974,40,61,,Active,,,https://www.redfin.com/NC/Fayetteville/618-Bessemer-Cir-28301/home/126669125,LPRMLS,700169,N,Y,35.0936582,-78.8932971
MLS Listing,,Single Family Residential,826 Emeline Ave,Fayetteville,NC,28303,460000,4,3.0,TALLYWOOD,2820,,2023,40,163,,Active,,,https://www.redfin.com/NC/Fayetteville/826-Emeline-Ave-28303/home/184865264,LPRMLS,700158,N,Y,35.04754,-78.929651
MLS Listing,,Single Family Residential,4850 (Lot 41) Quiet Pine Rd,Fayetteville,NC,28314,324500,3,2.5,LITTLE RIVER FARMS,2030,8276,2023,40,160,18,Active,,,https://www.redfin.com/NC/Fayetteville/4850-Lot-41-Quiet-Pine-Rd-28314/home/184706843,LPRMLS,699549,N,Y,35.054388,-79.040228
MLS Listing,,Single Family Residential,1101 Brenda Dr,Fayetteville,NC,28311,115000,3,1.5,WESTAREA HT,975,,1964,40,118,,Active,,,https://www.redfin.com/NC/Fayetteville/1101-Brenda-Dr-28311/home/125565399,LPRMLS,700026,N,Y,35.1048249,-78.9268574
MLS Listing,,Single Family Residential,604 Langdon St,Fayetteville,NC,28301,155000,4,2.0,Not in a Subdivision,1725,12632,1950,40,90,,Active,,,https://www.redfin.com/NC/Fayetteville/604-Langdon-St-28301/home/125332967,TMLS,2497881,N,Y,35.0782996,-78.8936921
MLS Listing,,Single Family Residential,3739 Gainey (lot 6) Rd,Fayetteville,NC,28306,494000,4,3.5,Ardor Bluff,2705,87120,2023,41,183,,Active,,,https://www.redfin.com/NC/Fayetteville/3739-Gainey-lot-6-RD-28306/home/184839394,LPRMLS,699652,N,Y,34.96353,-78.804951
MLS Listing,,Single Family Residential,3775 Gainey (lot 3) Rd,Fayetteville,NC,28306,459000,4,3.5,Ardor Bluff,2671,87120,2023,41,172,,Active,,,https://www.redfin.com/NC/Fayetteville/3775-Gainey-lot-3-RD-28306/home/184835333,LPRMLS,699639,N,Y,34.963709,-78.803869
MLS Listing,,Single Family Residential,1709 Royal Gorge Rd,Fayetteville,NC,28304,899000,4,4.0,Not in a Subdivision,4584,29620,2000,41,196,75,Active,,,https://www.redfin.com/NC/Fayetteville/1709-Royal-Gorge-Rd-28304/home/126419083,TMLS,2501763,N,Y,35.0266703,-79.0605774
MLS Listing,,Single Family Residential,341 Peterson Pl,Fayetteville,NC,28301,277000,4,3.0,Summer Lakes,2156,20908,2003,42,128,,Active,,,https://www.redfin.com/NC/Fayetteville/341-Peterson-Pl-28301/home/126153472,TMLS,2499944,N,Y,35.0953507,-78.8847539
MLS Listing,,Single Family Residential,1900 Burnett Ave,Fayetteville,NC,28306,82500,2,1.0,NOT IN SUBDIVISION,780,18731,1920,44,106,,Active,,,https://www.redfin.com/NC/Fayetteville/1900-Burnett-Ave-28306/home/125270311,LPRMLS,699930,N,Y,35.0275167,-78.9014838
MLS Listing,,Single Family Residential,6327 Rannock Dr,Fayetteville,NC,28304,242000,3,2.5,Not in a Subdivision,1717,14810,1969,45,141,,Active,,,https://www.redfin.com/NC/Fayetteville/6327-Rannock-Dr-28304/home/126099156,TMLS,2501263,N,Y,35.0317981,-78.9865077
MLS Listing,,Single Family Residential,915 Carolina Ave,Fayetteville,NC,28301,319000,3,2.5,HAYMOUNT,2038,6098,2018,45,157,,Active,,,https://www.redfin.com/NC/Fayetteville/915-Carolina-Ave-28301/home/148118726,LPRMLS,699941,N,Y,35.0617198,-78.8954559
MLS Listing,,Single Family Residential,1337 S Pamalee Dr,Fayetteville,NC,28303,240000,3,2.0,PAMALEE,1865,,1965,45,129,,Active,,,https://www.redfin.com/NC/Fayetteville/1337-Pamalee-Dr-28303/home/125545902,LPRMLS,699935,N,Y,35.086882,-78.9358294
MLS Listing,,Single Family Residential,2001 Merrimac Dr,Fayetteville,NC,28304,320000,4,2.5,WELLS PLACE,2496,,1984,46,128,,Active,,,https://www.redfin.com/NC/Fayetteville/2001-Merrimac-Dr-28304/home/125667372,LPRMLS,699880,N,Y,35.0297697,-79.0103575
MLS Listing,,Vacant Land,453 Barlow Ave,Fayetteville,NC,28306,37900,,,Riverview Estates,,20473,,46,,,Active,,,https://www.redfin.com/NC/Fayetteville/453-Barlow-Ave-28306/home/126665055,TMLS,2500929,N,Y,34.972885,-78.899959
MLS Listing,,Single Family Residential,1714 Fordham Dr,Fayetteville,NC,28304,320000,4,2.5,Not in a Subdivision,1816,6098,2023,47,176,86,Active,,,https://www.redfin.com/NC/Fayetteville/1714-Fordham-Dr-28304/home/126523248,TMLS,2500832,N,Y,35.0389849,-78.9192659
MLS Listing,,Single Family Residential,1390 Edgecombe Ave,Fayetteville,NC,28301,123500,3,1.0,CHESTNUT HILLS,975,,1968,47,127,,Active,,,https://www.redfin.com/NC/Fayetteville/1390-Edgecombe-Ave-28301/home/125534628,LPRMLS,699840,N,Y,35.0774669,-78.8890538
MLS Listing,,Single Family Residential,1614 Eagle Hill Rd,Fayetteville,NC,28312,410000,4,3.0,LEXINGTON WOODS,2989,,2023,48,137,38,Active,,,https://www.redfin.com/NC/Fayetteville/1614-Eagle-Hill-Rd-28312/home/169419574,LPRMLS,699796,N,Y,35.0860515,-78.8385961
MLS Listing,,Vacant Land,1756 Tryon Dr,Fayetteville,NC,28303,20000,,,Briarcliff,,14810,,49,,,Active,,,https://www.redfin.com/NC/Fayetteville/1756-Tryon-Dr-28303/home/126575558,TMLS,2492915,N,Y,35.092354,-78.936565
MLS Listing,,Single Family Residential,616 Galloway Dr,Fayetteville,NC,28303,245000,4,3.0,COTTONADE,26680,21344,1964,50,9,,Active,,,https://www.redfin.com/NC/Fayetteville/616-Galloway-Dr-28303/home/125442613,LPRMLS,699739,N,Y,35.1044361,-78.9831948
MLS Listing,,Vacant Land,833 Deep Creek Road Rd,Fayetteville,NC,28312,18000,,,SUNNY ACRES,,,,51,,,Active,,,https://www.redfin.com/NC/Fayetteville/833-Deep-Creek-Rd-28312/home/125551768,LPRMLS,699727,N,Y,35.0340605,-78.85378
MLS Listing,,Single Family Residential,3313 Benson Pl,Fayetteville,NC,28306,350000,3,2.5,Runnymeade Acres,2214,15246,2005,51,158,,Active,,,https://www.redfin.com/NC/Fayetteville/3313-Benson-Pl-28306/home/126835119,TMLS,2500371,N,Y,34.9952791,-79.030272
MLS Listing,,Single Family Residential,1707 Fort Bragg Rd,Fayetteville,NC,28303,525000,3,2.5,Haymount,2538,9583,1938,51,207,,Active,,,https://www.redfin.com/NC/Fayetteville/1707-Fort-Bragg-Rd-28303/home/125385533,TMLS,2500251,N,Y,35.0621885,-78.909353
MLS Listing,,Single Family Residential,5516 Tall Timbers Dr,Fayetteville,NC,28311,410693,4,2.5,ELLIOT FARMS,2363,14375,2023,51,174,13,Active,,,https://www.redfin.com/NC/Fayetteville/5516-Tall-Timbers-Dr-28311/home/184734046,LPRMLS,699711,N,Y,35.204901,-78.8621829
MLS Listing,,Single Family Residential,2005 Henry St,Fayetteville,NC,28306,90000,1,1.0,MASSEY HILL,1280,,1936,51,70,,Active,,,https://www.redfin.com/NC/Fayetteville/2005-Henry-St-28306/home/125910862,LPRMLS,699680,N,Y,35.0248774,-78.9005112
MLS Listing,,Single Family Residential,1208 Longleaf Dr,Fayetteville,NC,28305,875000,5,3.5,FOREST LKS,4747,,1967,51,184,,Active,,,https://www.redfin.com/NC/Fayetteville/1208-Longleaf-Dr-28305/home/126055239,LPRMLS,699332,N,Y,35.0435585,-78.9070321
MLS Listing,,Single Family Residential,6029 Concho Ct,Fayetteville,NC,28303,165000,3,1.5,Ponderosa,1046,12632,1972,53,158,,Active,,,https://www.redfin.com/NC/Fayetteville/6029-Concho-Ct-28303/home/125522115,TMLS,2493266,N,Y,35.0894783,-78.9884157
MLS Listing,,Single Family Residential,4608 Bent Grass Dr,Fayetteville,NC,28312,374900,4,2.5,BAYWOOD,2680,18295,2005,53,140,,Active,,,https://www.redfin.com/NC/Fayetteville/4608-Bent-Grass-Dr-28312/home/126811475,LPRMLS,699567,N,Y,35.0539428,-78.7541854
MLS Listing,,Single Family Residential,5079 Cumberland Rd,Fayetteville,NC,28306,225400,3,2.0,The Cliffs at Rockfish,1282,10454,1920,53,176,,Active,,,https://www.redfin.com/NC/Fayetteville/5079-Cumberland-Rd-28306/home/125428710,TMLS,2499650,N,Y,35.0017976,-78.9745364
MLS Listing,,Single Family Residential,148 Nairn St,Fayetteville,NC,28311,349900,3,2.5,CURRIN HILLS,2066,20473,2023,54,169,17,Active,,,https://www.redfin.com/NC/Fayetteville/148-Nairn-St-28311/home/184706705,LPRMLS,699271,N,Y,35.198672,-78.866737
MLS Listing,,Single Family Residential,144 Nairn St,Fayetteville,NC,28311,334900,3,2.5,CURRIN HILLS,1960,20909,2023,54,171,17,Active,,,https://www.redfin.com/NC/Fayetteville/144-Nairn-St-28311/home/184706704,LPRMLS,699264,N,Y,35.198665,-78.8664019
MLS Listing,,Single Family Residential,1710 Webster Rd,Fayetteville,NC,28303,277900,4,3.0,Green Valley,2076,13242,1976,55,134,,Active,,,https://www.redfin.com/NC/Fayetteville/1710-Webster-Ave-28303/home/182998098,TMLS,2494690,N,Y,35.088423,-78.9359619
MLS Listing,,Single Family Residential,517 Lennox Dr,Fayetteville,NC,28303,260000,3,2.5,STRATFORD H,1744,,1970,55,149,,Active,,,https://www.redfin.com/NC/Fayetteville/517-Lennox-Dr-28303/home/125494221,LPRMLS,699481,N,Y,35.0568045,-78.9439729
MLS Listing,,Single Family Residential,181 Sally Hill Cir,Fayetteville,NC,28306,299000,2,2.0,,1962,,1984,55,152,,Active,,,https://www.redfin.com/NC/Fayetteville/181-Sally-Hill-Cir-28306/home/126747564,LPRMLS,699165,N,Y,34.9789713,-78.9116075
MLS Listing,,Single Family Residential,610 School St,Fayetteville,NC,28301,210000,3,2.0,Not in a Subdivision,1009,7840,1920,56,208,,Active,,,https://www.redfin.com/NC/Fayetteville/610-School-St-28301/home/125318073,TMLS,2495751,N,Y,35.0503598,-78.8657883
MLS Listing,,Single Family Residential,515 W Summerchase Dr,Fayetteville,NC,28311,505000,5,4.5,FAIRFIELD FARMS,3275,,2017,57,154,10,Active,,,https://www.redfin.com/NC/Fayetteville/515-W-Summerchase-Dr-28311/home/125735787,LPRMLS,698743,N,Y,35.165964,-78.8790886
MLS Listing,,Single Family Residential,716 Baywood Rd,Fayetteville,NC,28312,359900,4,2.5,BAYWOOD ACRES,1911,32234,2023,57,188,,Active,,,https://www.redfin.com/NC/Fayetteville/716-Baywood-Rd-28312/home/184687994,LPRMLS,699356,N,Y,35.051995,-78.769915
MLS Listing,,Single Family Residential,748 Baywood Rd,Fayetteville,NC,28312,359900,4,2.5,BAYWOOD ACRES,1911,32234,2023,57,188,,Active,,,https://www.redfin.com/NC/Fayetteville/748-Baywood-Rd-28312/home/184687961,LPRMLS,699357,N,Y,35.05289,-78.769736
MLS Listing,,Single Family Residential,611 Ravencroft Ct,Fayetteville,NC,28314,445000,4,2.5,BUCKHEAD,3115,,1987,58,143,,Active,,,https://www.redfin.com/NC/Fayetteville/611-Ravencroft-Ct-28314/home/125358574,LPRMLS,699377,N,Y,35.0480522,-78.9440935
MLS Listing,,Single Family Residential,3811 Shepard St,Fayetteville,NC,28304,370000,4,2.5,ROXANDA WMS,1737,,1950,58,213,,Active,,,https://www.redfin.com/NC/Fayetteville/3811-E-Shepard-St-28304/home/125356973,LPRMLS,699393,N,Y,35.04074,-78.939808
MLS Listing,,Single Family Residential,209 Puritan St,Fayetteville,NC,28306,90000,3,1.0,MASSEY HILL,1058,7841,1925,58,85,,Active,,,https://www.redfin.com/NC/Fayetteville/209-Puritan-St-28306/home/125532789,LPRMLS,699386,N,Y,35.0352938,-78.8890599
MLS Listing,,Single Family Residential,2422 Cedar Ridge Ct,Fayetteville,NC,28306,413418,4,2.5,,2418,10890,2021,59,171,,Active,,,https://www.redfin.com/NC/Fayetteville/2422-Cedar-Ridge-Ct-28306/home/177316790,NCRMLS,100373225,N,Y,34.961656,-79.009276
MLS Listing,,Single Family Residential,4357 Scout Camp Dr,Fayetteville,NC,28306,446700,5,3.0,,2844,20038,2023,59,157,,Active,,,https://www.redfin.com/NC/Fayetteville/4357-Scout-Camp-Dr-28306/home/179611414,NCRMLS,100373211,N,Y,34.961787,-79.011099
MLS Listing,,Single Family Residential,5434 Seedling Rd,Fayetteville,NC,28311,393670,4,2.5,ELLIOT FARMS,2363,10890,2023,59,167,13,Active,,,https://www.redfin.com/NC/Fayetteville/5434-Seedling-RD-28311/home/184670082,LPRMLS,699341,N,Y,35.2033274,-78.86271635
MLS Listing,,Single Family Residential,4336 Scout Camp Dr,Fayetteville,NC,28306,459900,4,2.5,,2955,9148,2022,60,156,29,Active,,,https://www.redfin.com/NC/Fayetteville/4336-Scout-Camp-Dr-28306/home/179611416,NCRMLS,100372993,N,Y,34.962839,-79.010412
MLS Listing,,Single Family Residential,4340 Scout Camp Dr,Fayetteville,NC,28306,457700,4,3.0,,2685,14810,2023,61,170,29,Active,,,https://www.redfin.com/NC/Fayetteville/4340-Scout-Camp-Dr-28306/home/179684323,NCRMLS,100372797,N,Y,34.96278,-79.010651
MLS Listing,,Vacant Land,5215 Surf Scooter Dr,Fayetteville,NC,28311,58500,,,NORTH RIDGE VIL,,15682,,61,,,Active,,,https://www.redfin.com/NC/Fayetteville/5215-Surf-Scooter-Dr-28311/home/126441505,LPRMLS,699228,N,Y,35.129326,-78.877161
MLS Listing,,Vacant Land,5234 Surf Scooter Dr,Fayetteville,NC,28311,58500,,,NORTH RIDGE VIL,,11761,,61,,,Active,,,https://www.redfin.com/NC/Fayetteville/5234-Surf-Scooter-Dr-28311/home/125279365,LPRMLS,699224,N,Y,35.1287384,-78.8774561
MLS Listing,,Vacant Land,5140 Surf Scooter Dr,Fayetteville,NC,28311,58500,,,NORTH RIDGE VIL,,11326,,61,,,Active,,,https://www.redfin.com/NC/Fayetteville/5140-Surf-Scooter-Dr-28311/home/125651328,LPRMLS,699225,N,Y,35.128751,-78.877701
MLS Listing,,Single Family Residential,4352 Scout Camp Dr,Fayetteville,NC,28306,458900,4,3.0,,2619,13504,2022,61,175,29,Active,,,https://www.redfin.com/NC/Fayetteville/4352-Scout-Camp-Dr-28306/home/179684325,NCRMLS,100372789,N,Y,34.962558,-79.011364
MLS Listing,,Vacant Land,(Lot 46) 258 Concord Dr,Fayetteville,NC,28311,40000,,,COLLEGE LAKES,,20038,,61,,,Active,,,https://www.redfin.com/NC/Fayetteville/258-Concord-Dr-28311/home/184646689,LPRMLS,698646,N,Y,35.130698,-78.884513
MLS Listing,,Single Family Residential,1307 Kienast Dr,Fayetteville,NC,28314,229900,3,1.5,Southgate,1092,16117,1975,62,211,,Active,,,https://www.redfin.com/NC/Fayetteville/1307-Kienast-Dr-28314/home/126005843,TMLS,2498177,N,Y,35.0391855,-79.0227218
MLS Listing,,Townhouse,3044 Candlelight Dr,Fayetteville,NC,28311,324900,3,2.5,CANDLEWICK TOWNS,1967,,2023,62,165,115,Active,,,https://www.redfin.com/NC/Fayetteville/3044-Candlelight-Dr-28311/home/125354354,LPRMLS,699171,N,Y,35.134057,-78.881258
MLS Listing,,Townhouse,3046 Candlelight Dr,Fayetteville,NC,28311,336900,3,2.5,CANDLEWICK TOWNS,2111,,2023,62,160,115,Active,,,https://www.redfin.com/NC/Fayetteville/3046-Candlelight-Dr-28311/home/125760246,LPRMLS,699170,N,Y,35.133992,-78.881289
MLS Listing,,Townhouse,3048 Candlelight Dr,Fayetteville,NC,28311,336900,3,2.5,CANDLEWICK TOWNS,2111,,2023,62,160,115,Active,,,https://www.redfin.com/NC/Fayetteville/3048-Candlelight-Dr-28311/home/125732683,LPRMLS,699168,N,Y,35.133925,-78.881321
MLS Listing,,Townhouse,3050 Candlelight Dr,Fayetteville,NC,28311,336900,3,2.5,CANDLEWICK TOWNS,2111,,2023,62,160,115,Active,,,https://www.redfin.com/NC/Fayetteville/3050-Candlelight-Dr-28311/home/125263499,LPRMLS,699158,N,Y,35.133859,-78.881353
MLS Listing,,Townhouse,3052 Candlelight Dr,Fayetteville,NC,28311,324900,3,2.5,CANDLEWICK TOWNS,1967,,2023,62,165,115,Active,,,https://www.redfin.com/NC/Fayetteville/3052-Candlelight-Dr-28311/home/125422534,LPRMLS,699147,N,Y,35.133785,-78.881388
MLS Listing,,Single Family Residential,129 N Plymouth St,Fayetteville,NC,28312,79000,3,1.0,FAYETTEVILLE,1307,,1940,63,60,,Active,,,https://www.redfin.com/NC/Fayetteville/129-N-Plymouth-St-28312/home/126215120,LPRMLS,698629,N,Y,35.0451337,-78.8434181
MLS Listing,,Single Family Residential,2230 Kimberly Dr,Fayetteville,NC,28306,178000,3,2.0,PINE ACRES,1760,20473,1959,64,101,,Active,,,https://www.redfin.com/NC/Fayetteville/2230-Kimberly-Dr-28306/home/125403971,LPRMLS,699135,N,Y,35.0176929,-78.9392765
MLS Listing,,Single Family Residential,108 Nairn St,Fayetteville,NC,28311,354900,4,2.5,CURRIN HILLS,2128,21780,2023,64,167,17,Active,,,https://www.redfin.com/NC/Fayetteville/108-Nairn-St-28311/home/184618705,LPRMLS,699124,N,Y,35.198599,-78.863223
MLS Listing,,Vacant Land,Gillespie St,Fayetteville,NC,28306,35000,,,FAYETTEVILLE,,95396,,65,,,Active,,,https://www.redfin.com/NC/Fayetteville/Gillespie-St-28306/home/177324223,LPRMLS,699062,N,Y,34.973826,-78.911712
MLS Listing,,Single Family Residential,3251 Bladen Union Church (lot 11) Rd,Fayetteville,NC,28306,312900,3,3.0,COTTAGES AT BLADEN FIELDS,1954,25700,2023,66,160,,Active,,,https://www.redfin.com/NC/Fayetteville/3251-Bladen-Union-Church-Rd-28306/home/184594987,LPRMLS,698660,N,Y,34.8294838,-78.883514
MLS Listing,,Vacant Land,0 Tarrytown Dr,Fayetteville,NC,28314,185000,,,,,251341,,67,,,Active,,,https://www.redfin.com/NC/Fayetteville/Tarrytown-Rd-28314/home/184584070,LPRMLS,698986,N,Y,35.05130533,-78.99529764
MLS Listing,,Single Family Residential,5156 Matt Hair Rd,Fayetteville,NC,28312,135000,3,2.0,NOT IN SUBDIVISION,1382,,1984,69,98,,Active,,,https://www.redfin.com/NC/Fayetteville/5156-Matt-Hair-Rd-28312/home/125539740,LPRMLS,698830,N,Y,34.9088408,-78.8015506
MLS Listing,,Single Family Residential,3159 Braddy Rd,Fayetteville,NC,28306,632000,5,3.5,,,,2023,70,,,Active,,,https://www.redfin.com/NC/Fayetteville/3159-Braddy-Rd-28306/home/183403227,LPRMLS,698750,N,Y,34.9940541,-79.0370096
MLS Listing,,Single Family Residential,TBD Solomon (lot 52) Dr,Cameron,NC,28326,414900,4,3.0,LIBERTY MEADOWS,2865,23522,2023,70,145,29,Active,,,https://www.redfin.com/NC/Cameron/TBD-Solomon-lot-52-DR-28326/home/184323634,LPRMLS,697092,N,Y,35.0533,-78.9052
MLS Listing,,Multi-Family (2-4 Unit),1047 Bernadine St,Fayetteville,NC,28311,215000,,,SHAW HGHTS,,,1965,72,,,Active,,,https://www.redfin.com/NC/Fayetteville/1047-Bernadine-St-28311/home/125828755,LPRMLS,698797,N,Y,35.118191,-78.936462
MLS Listing,,Single Family Residential,1322 Woodland Dr,Fayetteville,NC,28305,337500,3,2.0,HAYMOUNT,1800,,1946,72,188,,Active,,,https://www.redfin.com/NC/Fayetteville/1322-Woodland-Dr-28305/home/125504320,LPRMLS,698708,N,Y,35.0655238,-78.9023768
MLS Listing,,Vacant Land,Lot 25 Meadowview Ter,Fayetteville,NC,28312,5000,,,MEADOW VIEW TER,,10454,,72,,,Active,,,https://www.redfin.com/NC/Fayetteville/Lot-25-Meadowview-TER-Unknown/home/184506509,LPRMLS,698772,N,Y,35.0332,-78.795
MLS Listing,,Single Family Residential,204 Renton Ct,Fayetteville,NC,28311,250000,4,2.5,KINWOOD,2398,12632,1986,74,104,,Active,,,https://www.redfin.com/NC/Fayetteville/204-Renton-Ct-28311/home/125388588,LPRMLS,692122,N,Y,35.1384581,-78.8641064
MLS Listing,,Single Family Residential,2510 & 2514 Sand Hill Road Rd,Fayetteville,NC,28306,985000,,12.0,,11416,,1996,75,86,,Active,,,https://www.redfin.com/NC/Fayetteville/2514-Sand-Hill-Rd-28306/home/184967202,LPRMLS,693209,N,Y,34.9312045,-78.8603593
MLS Listing,,Single Family Residential,7720 Rufus Johnson Rd,Fayetteville,NC,28306,304900,4,2.0,,1892,25700,2023,75,161,10,Active,,,https://www.redfin.com/NC/Fayetteville/7720-Rufus-Johnson-Rd-28306/home/183471953,NCRMLS,100370523,N,Y,34.840293,-78.891619
MLS Listing,,Vacant Land,Lark St,Fayetteville,NC,28312,10000,,,,,4356,,76,,,Active,,,https://www.redfin.com/NC/Fayetteville/Lark-St-28312/home/126215107,LPRMLS,698551,N,Y,35.04553,-78.845128
MLS Listing,,Vacant Land,Lark St,Fayetteville,NC,28312,10000,,,,,4356,,76,,,Active,,,https://www.redfin.com/NC/Fayetteville/Lark-St-28312/home/126399893,LPRMLS,698549,N,Y,35.045612,-78.845114
MLS Listing,,Vacant Land,Robin St,Fayetteville,NC,28312,20000,,,,,6970,,76,,,Active,,,https://www.redfin.com/NC/Fayetteville/Robin-St-28304/home/125491957,LPRMLS,698547,N,Y,35.035326,-78.959628
MLS Listing,,Single Family Residential,420 Alfalfa St,Fayetteville,NC,28301,130000,3,1.0,BEVILL ESTATE,733,,1945,79,177,,Active,,,https://www.redfin.com/NC/Fayetteville/420-Alfalfa-St-28301/home/126092484,LPRMLS,698516,N,Y,35.0534604,-78.8631457
MLS Listing,,Vacant Land,Dobbins Holmes Rd,Eastover,NC,28312,190000,,,,,730501,,79,,,Active,,,https://www.redfin.com/NC/Eastover/Dobbin-Holmes-Rd-28312/home/163139189,LPRMLS,698514,N,Y,35.10395,-78.808786
MLS Listing,,Vacant Land,Valley Rd,Fayetteville,NC,28305,169900,,,FOREST LKS,,17424,,79,,,Active,,,https://www.redfin.com/NC/Fayetteville/Valley-Rd-28305/home/126186505,LPRMLS,698478,N,Y,35.049427,-78.903219
MLS Listing,,Single Family Residential,156 Mcinnis St,Fayetteville,NC,28306,80000,3,1.0,MASSEY HILL,672,,1950,79,119,,Active,,,https://www.redfin.com/NC/Fayetteville/156-McInnis-St-28306/home/163107538,LPRMLS,698454,N,Y,35.0174921,-78.8992291
MLS Listing,,Vacant Land,6313 Denver Dr,Fayetteville,NC,28304,22000,,,HILLCREST,,20038,,80,,,Active,,,https://www.redfin.com/NC/Fayetteville/6313-Denver-Dr-28304/home/125495136,LPRMLS,698061,N,Y,35.025404,-78.986399
MLS Listing,,Single Family Residential,5575 Tall Timbers Dr,Fayetteville,NC,28311,439931,4,2.5,ELLIOT FARMS,2642,13504,2023,81,167,13,Active,,,https://www.redfin.com/NC/Fayetteville/5575-Tall-Timbers-Dr-28311/home/184290254,LPRMLS,697915,N,Y,35.2049523,-78.8625405
MLS Listing,,Single Family Residential,5422 Seedling Rd,Fayetteville,NC,28311,389900,4,2.5,ELLIOT FARMS,2324,12197,2023,81,168,13,Active,,,https://www.redfin.com/NC/Fayetteville/5422-Seedling-RD-28311/home/184290253,LPRMLS,697925,N,Y,35.1386,-78.8932
MLS Listing,,Single Family Residential,5426 Seedling Rd,Fayetteville,NC,28311,410900,5,3.0,ELLIOT FARMS,2522,12197,2023,81,163,13,Active,,,https://www.redfin.com/NC/Fayetteville/5426-Seedling-RD-28311/home/184290252,LPRMLS,697926,N,Y,35.1386,-78.8932
MLS Listing,,Single Family Residential,5418 Seedling Rd,Fayetteville,NC,28311,369944,3,2.0,ELLIOT FARMS,1863,12197,2023,81,199,13,Active,,,https://www.redfin.com/NC/Fayetteville/5418-Seedling-RD-28311/home/184290251,LPRMLS,697922,N,Y,35.1386,-78.8932
MLS Listing,,Single Family Residential,5579 Tall Timbers Dr,Fayetteville,NC,28311,429976,4,2.5,ELLIOT FARMS,2724,13939,2023,81,158,13,Active,,,https://www.redfin.com/NC/Fayetteville/5579-Tall-Timbers-Dr-28311/home/184290250,LPRMLS,697913,N,Y,35.2049523,-78.8625405
MLS Listing,,Vacant Land,8.64 Acres Swamp LD E/of Norfolk Southern RR,Fayetteville,NC,28301,65000,,,GREENBRIER,,376358,,82,,,Active,,,https://www.redfin.com/NC/Fayetteville/8-64-Acres-Swamp-LD-E-of-Norfolk-Southern-RR-28301/home/184268462,LPRMLS,698317,N,Y,35.0681,-78.884
MLS Listing,,Single Family Residential,1041 Wild Pine Dr,Fayetteville,NC,28312,639900,4,3.0,BAYWOOD,4133,22216,2005,83,155,,Active,,,https://www.redfin.com/NC/Fayetteville/1041-Wild-Pine-Dr-28312/home/125342193,LPRMLS,698151,N,Y,35.064489,-78.7588894
MLS Listing,,Multi-Family (2-4 Unit),709 Bullock St,Fayetteville,NC,28301,343900,,,BROAD ACRES,,,1948,83,,,Active,,,https://www.redfin.com/NC/Fayetteville/709-Bullock-St-28301/home/125510554,LPRMLS,698238,N,Y,35.0832713,-78.9013474
MLS Listing,,Single Family Residential,3118 Imperial Dr,Fayetteville,NC,28303,177000,3,2.0,FAYETTEVILLE,1336,,1958,86,132,,Active,,,https://www.redfin.com/NC/Fayetteville/3118-Imperial-Dr-28303/home/126414672,LPRMLS,698181,N,Y,35.076533,-78.9286768
MLS Listing,,Single Family Residential,116 Buffalo St,Fayetteville,NC,28303,85000,3,2.0,BONNIE DOONE,1092,,1970,87,78,,Active,,,https://www.redfin.com/NC/Fayetteville/116-Buffalo-St-28303/home/126076991,LPRMLS,697698,N,Y,35.0993369,-78.9590731
MLS Listing,,Vacant Land,Bowden Rd,Fayetteville,NC,28311,25000,,,FAYETTEVILLE,,34848,,87,,,Active,,,https://www.redfin.com/NC/Fayetteville/Bowden-Rd-28311/home/125271755,LPRMLS,698134,N,Y,35.103882,-78.924779
MLS Listing,,Vacant Land,214 Lucas St,Fayetteville,NC,28301,175000,,,,,87120,,89,,,Active,,,https://www.redfin.com/NC/Fayetteville/214-Lucas-St-28301/home/125385071,LPRMLS,698027,N,Y,35.0418189,-78.88008
MLS Listing,,Single Family Residential,139 John St,Fayetteville,NC,28305,225000,4,1.5,HAYMOUNT,2109,14625,1936,93,107,,Active,,,https://www.redfin.com/NC/Fayetteville/139-John-St-28305/home/125359673,LPRMLS,697917,N,Y,35.0572557,-78.9139062
MLS Listing,,Single Family Residential,645 W Summerchase (lot 58) Dr,Fayetteville,NC,28311,525977,4,3.5,FAIRFIELD FARMS,2899,,2023,94,181,10,Active,,,https://www.redfin.com/NC/Fayetteville/645-W-Summerchase-Dr-28311/home/184098534,LPRMLS,697861,N,Y,35.170288,-78.879066
MLS Listing,,Single Family Residential,641 W Summerchase (lot 57) Dr,Fayetteville,NC,28311,519977,5,3.0,FAIRFIELD FARMS,2547,,2023,94,204,10,Active,,,https://www.redfin.com/NC/Fayetteville/641-W-Summerchase-Dr-28311/home/184097499,LPRMLS,697860,N,Y,35.170035,-78.87916
MLS Listing,,Single Family Residential,637 W Summerchase (lot 56) Dr,Fayetteville,NC,28311,569977,4,3.0,FAIRFIELD FARMS,2843,,2023,94,200,10,Active,,,https://www.redfin.com/NC/Fayetteville/637-W-Summerchase-Dr-28311/home/184097051,LPRMLS,697856,N,Y,35.169793,-78.879265
MLS Listing,,Single Family Residential,633 W Summerchase (lot 55) Dr,Fayetteville,NC,28311,559977,4,3.0,FAIRFIELD FARMS,2565,,2023,94,218,10,Active,,,https://www.redfin.com/NC/Fayetteville/633-W-Summerchase-Dr-28311/home/184092086,LPRMLS,697846,N,Y,35.169551,-78.87937
MLS Listing,,Single Family Residential,629 W Summerchase (lot 54) Dr,Fayetteville,NC,28311,539977,4,3.5,FAIRFIELD FARMS,2899,,2023,94,186,10,Active,,,https://www.redfin.com/NC/Fayetteville/629-W-Summerchase-Dr-28311/home/184091992,LPRMLS,697845,N,Y,35.16931,-78.879476
MLS Listing,,Single Family Residential,625 W Summerchase (lot 53) Dr,Fayetteville,NC,28311,579977,4,3.5,FAIRFIELD FARMS,2882,,2023,94,201,10,Active,,,https://www.redfin.com/NC/Fayetteville/625-W-Summerchase-Dr-28311/home/184091718,LPRMLS,697842,N,Y,35.169079,-78.879577
MLS Listing,,Single Family Residential,1918 Bluffside Dr,Fayetteville,NC,28312,357000,4,2.5,COMMONS AT RIVERBLUFF,2408,8276,2023,94,148,89,Active,,,https://www.redfin.com/NC/Fayetteville/1918-Bluffside-Dr-28312/home/184103104,LPRMLS,697880,N,Y,35.058065,-78.852396
MLS Listing,,Single Family Residential,6848 Uppingham Rd,Fayetteville,NC,28306,409000,4,3.0,GATES FOUR,2444,,1976,95,167,75,Active,,,https://www.redfin.com/NC/Fayetteville/6848-Uppingham-Rd-28306/home/126520742,LPRMLS,697608,N,Y,34.9939706,-79.0135812
MLS Listing,,Single Family Residential,1642 Derrydowne Ct,Fayetteville,NC,28304,207000,3,2.0,BEAVER CREEK NO,1536,,1994,96,135,,Active,,,https://www.redfin.com/NC/Fayetteville/1642-Derrydowne-Ct-28304/home/125429062,LPRMLS,697699,N,Y,35.0198356,-78.977938
MLS Listing,,Vacant Land,2513 & 2512 Spring Valley Rd,Fayetteville,NC,28303,299000,,,VANSTORY HL,,45302,,100,,,Active,,,https://www.redfin.com/NC/Fayetteville/2513-Spring-Valley-Rd-28303/home/126142790,LPRMLS,697480,N,Y,35.0551581,-78.9252662
MLS Listing,,Single Family Residential,1813 Stackhouse (lt307) Dr,Fayetteville,NC,28314,329890,4,2.5,HIGHCROFT,1974,6970,2023,100,167,20,Active,,,https://www.redfin.com/NC/Fayetteville/1813-Stackhouse-Dr-28314/home/183994603,LPRMLS,697525,N,Y,35.0371321,-79.0717751
MLS Listing,,Single Family Residential,1812 Stackhouse (lt256) Dr,Fayetteville,NC,28314,342317,4,2.5,HIGHCROFT,1826,9148,2023,100,187,20,Active,,,https://www.redfin.com/NC/Fayetteville/1812-Stackhouse-Dr-28314/home/183994517,LPRMLS,697530,N,Y,35.0368716,-79.0715001
MLS Listing,,Single Family Residential,1808 Stackhouse (lt257) Dr,Fayetteville,NC,28314,359451,4,2.5,HIGHCROFT,2388,9148,2023,100,151,20,Active,,,https://www.redfin.com/NC/Fayetteville/1808-Stackhouse-Dr-28314/home/183994515,LPRMLS,697528,N,Y,35.0368716,-79.0715001
MLS Listing,,Single Family Residential,2226 Westhaven Dr,Fayetteville,NC,28303,429500,4,2.5,VANSTORY HL,3229,41382,1974,101,133,,Active,,,https://www.redfin.com/NC/Fayetteville/2226-Westhaven-Dr-28303/home/126351585,LPRMLS,696111,N,Y,35.0535815,-78.9201389
MLS Listing,,Single Family Residential,1619 Eagle Hl,Fayetteville,NC,28312,455000,5,3.5,LEXINGTON WOODS,3576,,2022,101,127,38,Active,,,https://www.redfin.com/NC/Fayetteville/1619-Eagle-Hill-Rd-28312/home/169419576,LPRMLS,696343,N,Y,35.0865409,-78.838618
MLS Listing,,Vacant Land,520 Summerlea Dr,Fayetteville,NC,28311,110000,,,WOODBRIDGE (FA),,81457,,103,,,Active,,,https://www.redfin.com/NC/Fayetteville/520-Summerlea-Dr-28311/home/163080315,LPRMLS,697432,N,Y,35.161854,-78.897957
MLS Listing,,Vacant Land,213 Waddell Dr,Fayetteville,NC,28301,30000,,,MURCHISON,,5227,,103,,,Active,,,https://www.redfin.com/NC/Fayetteville/213-Waddell-Dr-28301/home/126357489,LPRMLS,694856,N,Y,35.092348,-78.91481
MLS Listing,,Vacant Land,Al Ray Rd,Eastover,NC,28312,3390000,,,EASTOVER,,9844560,,104,,,Active,,,https://www.redfin.com/NC/Fayetteville/Al-Ray-Rd-28312/home/163013192,LPRMLS,673675,N,Y,35.067783,-78.821584
MLS Listing,,Vacant Land,5320 Matt Hair Rd,Fayetteville,NC,28312,358000,,,Cumberland Coun,,2069971,,105,,,Active,,,https://www.redfin.com/NC/Fayetteville/5320-Matt-Hair-Rd-28312/home/163012806,NCRMLS,100365957,N,Y,34.9043497,-78.8030879
MLS Listing,,Vacant Land,Seventy First School Rd,Fayetteville,NC,28314,2450000,,,NOT IN SUBDIVISION,,1186574,,110,,,Active,,,https://www.redfin.com/NC/Fayetteville/Seventy-First-School-Rd-28314/home/163092999,LPRMLS,676301,N,Y,35.048217,-79.008426
MLS Listing,,Single Family Residential,TBD Solomon (lot 51) Dr,Cameron,NC,28326,354900,4,2.5,LIBERTY MEADOWS,2128,20909,2023,110,167,29,Active,,,https://www.redfin.com/NC/Cameron/TBD-Solomon-lot-51-DR-28326/home/184323633,LPRMLS,697091,N,Y,35.0533,-78.9052
MLS Listing,,Single Family Residential,2606 Colgate Dr,Fayetteville,NC,28304,310000,4,2.5,BRIARWOOD HILLS,2727,22651,1969,112,114,,Active,,,https://www.redfin.com/NC/Fayetteville/2606-Colgate-Dr-28304/home/125945587,LPRMLS,692896,N,Y,35.0285237,-78.9174867
MLS Listing,,Multi-Family (2-4 Unit),201 Country Club Dr,Fayetteville,NC,28301,388999,,,COUNTRY CLUB DRIVE,,,1949,113,,,Active,,,https://www.redfin.com/NC/Fayetteville/201-Country-Club-Dr-28301/home/126327662,LPRMLS,695475,N,Y,35.1041325,-78.8807026
MLS Listing,,Multi-Family (2-4 Unit),2510-2512 2514 A/B Nobie St,Fayetteville,NC,28304,395000,,,FAYETTEVILLE,,,,114,,,Active,,,https://www.redfin.com/NC/Fayetteville/2510-2512-2514-A-B-Nobie-St-28304/home/183800721,LPRMLS,696997,N,Y,35.010129,-78.956501
MLS Listing,,Vacant Land,151 S Churchill Dr,Fayetteville,NC,28304,275000,,,FOXRIDGE,,32670,,116,,,Active,,,https://www.redfin.com/NC/Fayetteville/151-S-Churchill-Dr-28303/home/125483702,LPRMLS,696388,N,Y,35.059498,-78.920979
MLS Listing,,Vacant Land,26.5 Acres Mcintyre Land,Fayetteville,NC,28301,315000,,,BROADELL,,1132560,,117,,,Active,,,https://www.redfin.com/NC/Fayetteville/26-5-Acres-Mcintyre-LAND-28301/home/183738776,LPRMLS,696864,N,Y,35.0681,-78.884
MLS Listing,,Vacant Land,6143 Sabine Dr,Fayetteville,NC,28303,33000,,,PONDEROSA,,10019,,120,,,Active,,,https://www.redfin.com/NC/Fayetteville/6143-Sabine-Dr-28303/home/125349916,LPRMLS,696737,N,Y,35.0874588,-78.9930449
MLS Listing,,Vacant Land,"235 Snow Hill Rd Unit also 169,205, 213, 221, 229",Fayetteville,NC,28306,185000,,,Snow Hill Acres,,217800,,121,,,Active,,,https://www.redfin.com/NC/Fayetteville/235-Snow-Hill-Rd-28306/unit-also-169-205-213-221-229/home/183700630,TMLS,2489397,N,Y,34.979369,-78.9040369
MLS Listing,,Single Family Residential,1362 Pamalee Dr,Fayetteville,NC,28303,189900,2,1.0,PAMALEE,950,71003,1953,121,200,,Active,,,https://www.redfin.com/NC/Fayetteville/1362-Pamalee-Dr-28303/home/125926129,LPRMLS,693718,N,Y,35.0854855,-78.9335754
MLS Listing,,Vacant Land,Carvers Falls Rd,Fayetteville,NC,28311,225000,,,NORTHWOOD (FA),,713077,,121,,,Active,,,https://www.redfin.com/NC/Fayetteville/Carvers-Falls-Rd-28311/home/163022748,LPRMLS,663081,N,Y,35.146563,-78.859834
MLS Listing,,Single Family Residential,107 Bremer St,Fayetteville,NC,28303,185000,3,1.5,KORNBOW,1617,,1951,124,114,,Active,,,https://www.redfin.com/NC/Fayetteville/107-Bremer-St-28303/home/126712148,LPRMLS,696529,N,Y,35.0979708,-78.9422876
MLS Listing,,Single Family Residential,526 Northview Dr,Fayetteville,NC,28303,439000,5,3.5,VANSTORY HL,3030,21344,1976,128,145,4,Active,,,https://www.redfin.com/NC/Fayetteville/526-Northview-Dr-28303/home/126142648,LPRMLS,696480,N,Y,35.055007,-78.931012
MLS Listing,,Single Family Residential,2925 Skye Dr,Fayetteville,NC,28303,695000,4,3.5,LOCKWOOD,4521,50965,1971,129,154,,Active,,,https://www.redfin.com/NC/Fayetteville/2925-Skye-Dr-28303/home/126388986,LPRMLS,696237,N,Y,35.0714647,-78.9332881
MLS Listing,,Single Family Residential,492 Mcbain Dr,Fayetteville,NC,28305,179000,2,1.0,HIGHLAND VILLAGE,928,,1953,130,193,,Active,,,https://www.redfin.com/NC/Fayetteville/492-McBain-Dr-28305/home/125510056,LPRMLS,695101,N,Y,35.0474921,-78.9188515
MLS Listing,,Condo/Co-op,325 Hay St #401,Fayetteville,NC,28301,1050000,3,3.5,DOWNTOWN,3574,,2007,130,294,824,Active,,,https://www.redfin.com/NC/Fayetteville/325-Hay-St-28301/unit-401/home/182998642,LPRMLS,694224,N,Y,35.0535819,-78.8817024
MLS Listing,,Single Family Residential,2243 Meadow Wood Dr,Fayetteville,NC,28303,525000,4,3.5,VANSTORY HL,4117,,1999,139,128,2,Active,,,https://www.redfin.com/NC/Fayetteville/2243-Meadow-Wood-Rd-28303/home/126345769,LPRMLS,687048,N,Y,35.0542932,-78.9211776
MLS Listing,,Vacant Land,3141 Braddy Rd,Fayetteville,NC,28306,100000,,,FAYETTEVILLE,,20037,,140,,,Active,,,https://www.redfin.com/NC/Fayetteville/3141-Braddy-Rd-28306/home/183403127,LPRMLS,696170,N,Y,34.9941095,-79.036981
MLS Listing,,Vacant Land,3131 Braddy Rd,Fayetteville,NC,28306,100000,,,FAYETTEVILLE,,20037,,140,,,Active,,,https://www.redfin.com/NC/Fayetteville/3131-Braddy-Rd-28306/home/183403126,LPRMLS,696171,N,Y,34.9941403,-79.0369651
MLS Listing,,Vacant Land,3171 Braddy Rd,Fayetteville,NC,28306,100000,,,FAYETTEVILLE,,20037,,140,,,Active,,,https://www.redfin.com/NC/Fayetteville/3171-Braddy-Rd-28306/home/183403078,LPRMLS,696168,N,Y,34.9940172,-79.0370286
MLS Listing,,Single Family Residential,713 Stella St,Fayetteville,NC,28301,139500,2,1.0,Not in a Subdivision,816,4356,1958,141,171,,Active,,,https://www.redfin.com/NC/Fayetteville/713-Stella-St-28301/home/126668967,TMLS,2487617,N,Y,35.0517371,-78.8909169
MLS Listing,,Single Family Residential,177 Solomon (lot 45) Dr,Cameron,NC,28326,374900,3,2.5,LIBERTY MEADOWS,2452,54450,2023,141,153,29,Active,,,https://www.redfin.com/NC/Cameron/177-Solomon-lot-45-DR-28326/home/182992746,LPRMLS,694802,N,Y,35.0533,-78.9052
MLS Listing,,Townhouse,4409 Bluebush Dr,Fayetteville,NC,28312,249000,2,2.0,BAYWOOD,1590,10019,1995,143,157,,Active,,,https://www.redfin.com/NC/Fayetteville/4409-Bluebush-Dr-28312/home/126765328,LPRMLS,696100,N,Y,35.0499942,-78.7541203
MLS Listing,,Vacant Land,Hoke Loop Rd,Fayetteville,NC,28314,50000,,,FAYETTEVILLE,,37462,,143,,,Active,,,https://www.redfin.com/NC/Fayetteville/Hoke-Loop-Rd-28314/home/125882954,LPRMLS,687735,N,Y,35.050911,-79.078983
MLS Listing,,Vacant Land,Lot 2 Stedman Cedar Creek Rd,Fayetteville,NC,28312,80000,,,,,130680,,144,,,Active,,,https://www.redfin.com/NC/Fayetteville/Lot-2-Stedman-Cedar-Creek-Rd-28312/home/183352956,LPRMLS,696071,N,Y,35.0332,-78.795
MLS Listing,,Vacant Land,Lot 3 Stedman Cedar Creek Rd,Fayetteville,NC,28312,85000,,,,,141570,,144,,,Active,,,https://www.redfin.com/NC/Fayetteville/Lot-3-Stedman-Cedar-Creek-Rd-28312/home/183352812,LPRMLS,696069,N,Y,35.0332,-78.795
MLS Listing,,Vacant Land,Lot 4 Stedman Cedar Creek Rd,Fayetteville,NC,28312,80000,,,,,131987,,144,,,Active,,,https://www.redfin.com/NC/Fayetteville/Lot-4-Stedman-Cedar-Creek-Rd-28312/home/183352749,LPRMLS,696068,N,Y,35.0332,-78.795
MLS Listing,,Vacant Land,Lot 5 Stedman Cedar Creek Rd,Fayetteville,NC,28312,80000,,,,,131987,,144,,,Active,,,https://www.redfin.com/NC/Fayetteville/Lot-5-Stedman-Cedar-Creek-Rd-28312/home/183352747,LPRMLS,696067,N,Y,35.0332,-78.795
MLS Listing,,Vacant Land,Lot 8 Stedman Cedar Creek Rd,Fayetteville,NC,28312,80000,,,,,130680,,144,,,Active,,,https://www.redfin.com/NC/Fayetteville/Lot-8-Stedman-Cedar-Creek-Rd-28312/home/183352699,LPRMLS,696065,N,Y,35.0332,-78.795
MLS Listing,,Vacant Land,Lot 9 Stedman Cedar Creek Rd,Fayetteville,NC,28312,140000,,,,,241322,,144,,,Active,,,https://www.redfin.com/NC/Fayetteville/Lot-9-Stedman-Cedar-Creek-Rd-28312/home/183352655,LPRMLS,696064,N,Y,35.0332,-78.795
MLS Listing,,Vacant Land,Lot 10 Stedman Cedar Creek Rd,Fayetteville,NC,28312,90000,,,,,146797,,144,,,Active,,,https://www.redfin.com/NC/Fayetteville/Lot-10-Stedman-Cedar-Creek-Rd-28312/home/183352654,LPRMLS,696061,N,Y,35.0332,-78.795
MLS Listing,,Vacant Land,3334-Lot 2B Stedman Cedar Creek Rd,Fayetteville,NC,28312,75000,,,,,80150,,144,,,Active,,,https://www.redfin.com/NC/Fayetteville/3334-Lot-2B-Stedman-Cedar-Creek-Rd-28312/home/183352419,LPRMLS,696046,N,Y,34.963645,-78.737345
MLS Listing,,Vacant Land,Lot 11 Stedman Cedar Creek Rd,Fayetteville,NC,28312,75000,,,,,99752,,144,,,Active,,,https://www.redfin.com/NC/Fayetteville/Lot-11-Stedman-Cedar-Creek-Rd-28312/home/183348788,LPRMLS,696037,N,Y,35.0332,-78.795
MLS Listing,,Vacant Land,443 Holly Ln,Fayetteville,NC,28305,139000,,,FAYETTEVILLE,,17424,,145,,,Active,,,https://www.redfin.com/NC/Fayetteville/443-Holly-Ln-28305/home/126661954,LPRMLS,696022,N,Y,35.052624,-78.912892
MLS Listing,,Single Family Residential,4632 Weaverhall Dr,Fayetteville,NC,28314,499999,6,4.0,BUCKHEAD,3504,18295,2004,156,143,,Active,,,https://www.redfin.com/NC/Fayetteville/4632-Weaverhall-Dr-28314/home/125874552,LPRMLS,693278,N,Y,35.0577576,-78.9534943
MLS Listing,,Single Family Residential,1116 Offshore Dr,Fayetteville,NC,28305,1195000,6,6.0,FOREST LKS,6028,,1969,158,198,,Active,,,https://www.redfin.com/NC/Fayetteville/1116-Offshore-Dr-28305/home/125504543,LPRMLS,690394,N,Y,35.047437,-78.9103918
MLS Listing,,Single Family Residential,817 Murray Hill Rd,Fayetteville,NC,28314,559900,4,4.0,SOUTH KINGSFORD,4419,16553,1996,158,127,12,Active,,,https://www.redfin.com/NC/Fayetteville/817-Murray-Hill-Rd-28314/home/126724909,LPRMLS,695380,N,Y,35.0505096,-78.9417071
MLS Listing,,Vacant Land,1512 Cedar Creek Rd,Fayetteville,NC,28312,170000,,,Not in a Subdivision,,1393920,,158,,,Active,,,https://www.redfin.com/NC/Fayetteville/1512-Cedar-Creek-Rd-28312/home/163110494,TMLS,2483435,N,Y,35.019455,-78.840279
MLS Listing,,Single Family Residential,1853 Bluffside Dr,Fayetteville,NC,28312,348000,4,2.5,COMMONS AT RIVERBLUFF,,6970,2022,159,,89,Active,,,https://www.redfin.com/NC/Fayetteville/1853-Bluffside-Dr-28312/home/179663151,LPRMLS,681476,N,Y,35.0573,-78.851094
MLS Listing,,Single Family Residential,1849 Bluffside Dr,Fayetteville,NC,28312,357700,4,2.5,COMMONS AT RIVERBLUFF,2408,6970,2022,160,149,86,Active,,,https://www.redfin.com/NC/Fayetteville/1849-Bluffside-Dr-28312/home/182280093,LPRMLS,693480,N,Y,35.057264,-78.850895
MLS Listing,,Vacant Land,3717 Gillespie St,Fayetteville,NC,28306,135000,,,FAYETTEVILLE,,34848,,160,,,Active,,,https://www.redfin.com/NC/Fayetteville/3717-Gillespie-St-28306/home/126670517,LPRMLS,685672,N,Y,34.9778985,-78.9078057
